/*
SQLyog Ultimate - MySQL GUI v8.2 
MySQL - 5.5.5-10.4.21-MariaDB : Database - yii2_boilerplate_ready
*********************************************************************
*/

/*!40101 SET NAMES utf8 */;

/*!40101 SET SQL_MODE=''*/;

/*!40014 SET @OLD_UNIQUE_CHECKS=@@UNIQUE_CHECKS, UNIQUE_CHECKS=0 */;
/*!40014 SET @OLD_FOREIGN_KEY_CHECKS=@@FOREIGN_KEY_CHECKS, FOREIGN_KEY_CHECKS=0 */;
/*!40101 SET @OLD_SQL_MODE=@@SQL_MODE, SQL_MODE='NO_AUTO_VALUE_ON_ZERO' */;
/*!40111 SET @OLD_SQL_NOTES=@@SQL_NOTES, SQL_NOTES=0 */;
CREATE DATABASE /*!32312 IF NOT EXISTS*/`yii2_boilerplate_ready` /*!40100 DEFAULT CHARACTER SET utf8mb4 */;

USE `yii2_boilerplate_ready`;

/*Table structure for table `article` */

DROP TABLE IF EXISTS `article`;

CREATE TABLE `article` (
  `id` int(11) NOT NULL AUTO_INCREMENT,
  `slug` varchar(255) NOT NULL,
  `title` varchar(512) NOT NULL,
  `body` text NOT NULL,
  `view` varchar(255) DEFAULT NULL,
  `category_id` int(11) DEFAULT NULL,
  `thumbnail_base_url` varchar(1024) DEFAULT NULL,
  `thumbnail_path` varchar(1024) DEFAULT NULL,
  `status` smallint(6) NOT NULL DEFAULT 0,
  `created_by` int(11) DEFAULT NULL,
  `updated_by` int(11) DEFAULT NULL,
  `published_at` int(11) DEFAULT NULL,
  `created_at` int(11) DEFAULT NULL,
  `updated_at` int(11) DEFAULT NULL,
  PRIMARY KEY (`id`),
  UNIQUE KEY `idx_article_slug` (`slug`),
  KEY `fk_article_author` (`created_by`),
  KEY `fk_article_updater` (`updated_by`),
  KEY `fk_article_category` (`category_id`)
) ENGINE=InnoDB AUTO_INCREMENT=2 DEFAULT CHARSET=latin1;

/*Data for the table `article` */

insert  into `article`(`id`,`slug`,`title`,`body`,`view`,`category_id`,`thumbnail_base_url`,`thumbnail_path`,`status`,`created_by`,`updated_by`,`published_at`,`created_at`,`updated_at`) values (1,'first-document','First Document','<p>First Document</p>','',2,NULL,NULL,1,9,1,1623668669,1623668669,1683715826);

/*Table structure for table `article_attachment` */

DROP TABLE IF EXISTS `article_attachment`;

CREATE TABLE `article_attachment` (
  `id` int(11) NOT NULL AUTO_INCREMENT,
  `article_id` int(11) NOT NULL,
  `path` varchar(255) NOT NULL,
  `base_url` varchar(255) DEFAULT NULL,
  `type` varchar(255) DEFAULT NULL,
  `size` int(11) DEFAULT NULL,
  `name` varchar(255) DEFAULT NULL,
  `created_at` int(11) DEFAULT NULL,
  `order` int(11) DEFAULT NULL,
  PRIMARY KEY (`id`),
  KEY `fk_article_attachment_article` (`article_id`)
) ENGINE=InnoDB AUTO_INCREMENT=2 DEFAULT CHARSET=latin1;

/*Data for the table `article_attachment` */

/*Table structure for table `article_category` */

DROP TABLE IF EXISTS `article_category`;

CREATE TABLE `article_category` (
  `id` int(11) NOT NULL AUTO_INCREMENT,
  `slug` varchar(255) NOT NULL,
  `title` varchar(512) NOT NULL,
  `body` text DEFAULT NULL,
  `parent_id` int(11) DEFAULT NULL,
  `status` smallint(6) NOT NULL DEFAULT 0,
  `created_at` int(11) DEFAULT NULL,
  `updated_at` int(11) DEFAULT NULL,
  PRIMARY KEY (`id`),
  UNIQUE KEY `idx_article_category_slug` (`slug`),
  KEY `fk_article_category_section` (`parent_id`)
) ENGINE=InnoDB AUTO_INCREMENT=3 DEFAULT CHARSET=latin1;

/*Data for the table `article_category` */

insert  into `article_category`(`id`,`slug`,`title`,`body`,`parent_id`,`status`,`created_at`,`updated_at`) values (1,'news','News',NULL,NULL,1,1613295161,NULL),(2,'documents','Documents',NULL,NULL,1,1623668623,1623668623);

/*Table structure for table `file_storage_item` */

DROP TABLE IF EXISTS `file_storage_item`;

CREATE TABLE `file_storage_item` (
  `id` int(11) NOT NULL AUTO_INCREMENT,
  `component` varchar(255) NOT NULL,
  `base_url` varchar(1024) NOT NULL,
  `path` varchar(1024) NOT NULL,
  `type` varchar(255) DEFAULT NULL,
  `size` int(11) DEFAULT NULL,
  `name` varchar(255) DEFAULT NULL,
  `upload_ip` varchar(45) DEFAULT NULL,
  `created_at` int(11) NOT NULL,
  PRIMARY KEY (`id`)
) ENGINE=InnoDB AUTO_INCREMENT=67 DEFAULT CHARSET=latin1;

/*Data for the table `file_storage_item` */

insert  into `file_storage_item`(`id`,`component`,`base_url`,`path`,`type`,`size`,`name`,`upload_ip`,`created_at`) values (1,'fileStorage','http://storagemihesms.techkorner.ca/source','/1/P9ceQy10TbdcE9TNIXNkqUBpisXqhtEq.pdf','application/pdf',223539,'P9ceQy10TbdcE9TNIXNkqUBpisXqhtEq','182.182.78.41',1615063066),(3,'fileStorage','http://storagemihesms.techkorner.ca/source','/1/Lj4YpCIoA-9BG4hueGI-Z6kFUMCwKgMO.jpg','image/jpeg',588196,'Lj4YpCIoA-9BG4hueGI-Z6kFUMCwKgMO','182.182.78.41',1615063967),(4,'fileStorage','http://storagemihesms.techkorner.ca/source','/1/8kVTcCszlBMb7py-Q23sqfa0eTjb8cdb.jpg','image/jpeg',27604,'8kVTcCszlBMb7py-Q23sqfa0eTjb8cdb','182.182.78.41',1615063975),(5,'fileStorage','http://storagemihesms.techkorner.ca/source','/1/ohXXKbxDlDv-UARjN43nxHrWP6IVfTVx.jpg','image/jpeg',128167,'ohXXKbxDlDv-UARjN43nxHrWP6IVfTVx','182.182.78.41',1615063994),(6,'fileStorage','http://storagemihesms.techkorner.ca/source','/1/KOi6wbxw3-_-IelbNL8YO2sK3ww7cEfX.jpg','image/jpeg',55432,'KOi6wbxw3-_-IelbNL8YO2sK3ww7cEfX','182.182.21.216',1615564877),(7,'fileStorage','http://storagemihesms.techkorner.ca/source','/1/b77HV0sMgoYCkjVbsT9u8bNRpmHyswM-.pdf','application/pdf',214980,'b77HV0sMgoYCkjVbsT9u8bNRpmHyswM-','182.182.86.163',1616744377),(8,'fileStorage','http://storagemihesms.techkorner.ca/source','/1/wH2gh3vmhWKvcZnWWWHCTITyEVgMeVeV.pdf','application/pdf',214980,'wH2gh3vmhWKvcZnWWWHCTITyEVgMeVeV','182.182.86.163',1616751560),(9,'fileStorage','http://storagemihesms.techkorner.ca/source','/1/rWQbtotR5McLLn4CjaslxLGwcOravp55.pdf','application/pdf',88317,'rWQbtotR5McLLn4CjaslxLGwcOravp55','182.182.86.163',1616751560),(10,'fileStorage','http://storagemihesms.techkorner.ca/source','/1/eglt-HwT0nqzHJ_hAbvnOEraCO4TSO-_.pdf','application/pdf',710674,'eglt-HwT0nqzHJ_hAbvnOEraCO4TSO-_','182.182.86.163',1616751560),(11,'fileStorage','http://storagemihesms.techkorner.ca/source','/1/n_9AaHb8OyRKsZNXP9EUT8VtDk8ogNhD.jpg','image/jpeg',2609630,'n_9AaHb8OyRKsZNXP9EUT8VtDk8ogNhD','39.48.76.223',1616826585),(12,'fileStorage','http://storagemihesms.techkorner.ca/source','/1/y7JNcIGLfP-YQdvbvMvZoQiNWBQS19hc.pptx','application/vnd.openxmlformats-officedocument.presentationml.presentation',177770,'y7JNcIGLfP-YQdvbvMvZoQiNWBQS19hc','212.139.62.210',1617114043),(13,'fileStorage','http://storagemihesms.techkorner.ca/source','/1/fP-HJxzu5hrvEZVjtfimaG2fDAt0owNf.pdf','application/pdf',71595,'fP-HJxzu5hrvEZVjtfimaG2fDAt0owNf','182.182.64.91',1617114085),(14,'fileStorage','http://storagemihesms.techkorner.ca/source','/1/BsTJ2-Tm1lIiLF7p5Ao2g9qwx93xPNa7.pdf','application/pdf',223539,'BsTJ2-Tm1lIiLF7p5Ao2g9qwx93xPNa7','182.182.64.91',1617114115),(15,'fileStorage','http://storagemihesms.techkorner.ca/source','/1/yzA_MALAygVy58e8z3LfW1J6rk0A2p-1.jpg','image/jpeg',55432,'yzA_MALAygVy58e8z3LfW1J6rk0A2p-1','182.182.64.91',1617114127),(16,'fileStorage','http://storagemihesms.techkorner.ca/source','/1/uJcIMP-1zan3ge3jIspviViPuDZ9Zn4_.jpg','image/x-ms-bmp',2135562,'uJcIMP-1zan3ge3jIspviViPuDZ9Zn4_','182.182.64.91',1617114137),(17,'fileStorage','http://storagemihesms.techkorner.ca/source','/1/3RP1l6Dce7VS_4onnSAzPqrl9amqpE9w.jpg','image/jpeg',29665,'3RP1l6Dce7VS_4onnSAzPqrl9amqpE9w','182.182.72.84',1617879166),(18,'fileStorage','http://storagemihesms.techkorner.ca/source','/1/o-Qc7HCKYpopq8UjHw_-g9fzfXku6meX.pdf','application/pdf',71595,'o-Qc7HCKYpopq8UjHw_-g9fzfXku6meX','182.182.72.84',1617879167),(19,'fileStorage','http://storagemihesms.techkorner.ca/source','/1/mR8B5SqEGp74Eyv_l8OjkgLsSYysDwTx.xlsx','application/vnd.openxmlformats-officedocument.spreadsheetml.sheet',100436,'mR8B5SqEGp74Eyv_l8OjkgLsSYysDwTx','182.182.72.84',1617880510),(21,'fileStorage','http://storagemihesms.techkorner.ca/source','/1/Ewc0_Iqdh-ncHxFMbP8_G3wMeDsfmn8V.pdf','application/pdf',71595,'Ewc0_Iqdh-ncHxFMbP8_G3wMeDsfmn8V','182.182.116.219',1618349799),(22,'fileStorage','http://storagemihesms.techkorner.ca/source','/1/eZOSd0IjOWbw_40HDzYvRdvjppl3mV9o.pdf','application/pdf',86155,'eZOSd0IjOWbw_40HDzYvRdvjppl3mV9o','182.182.24.164',1619257145),(23,'fileStorage','http://storagemihesms.techkorner.ca/source','/1/U3ju8JU3w1aNe-zOcjzdLK46bw6sb1Tq.pdf','application/pdf',86155,'U3ju8JU3w1aNe-zOcjzdLK46bw6sb1Tq','182.182.27.191',1621263357),(24,'fileStorage','http://storagemihesms.techkorner.ca/source','/1/KK5n7jwHGw6FZ1rRvwo0mpJGjEM4AJXS.jpg','image/jpeg',29665,'KK5n7jwHGw6FZ1rRvwo0mpJGjEM4AJXS','182.182.27.191',1621263366),(25,'fileStorage','http://storagemihesms.techkorner.ca/source','/1/SUor_o3KjA0u3JvZlNO7xWwdWiLgzRZb.jpg','image/jpeg',21698,'SUor_o3KjA0u3JvZlNO7xWwdWiLgzRZb','182.182.27.191',1621264892),(26,'fileStorage','http://storagemihesms.techkorner.ca/source','/1/PwLbWkc4nip6yE9gK8CEQzdIRn-nVE2f.jpg','image/jpeg',845941,'PwLbWkc4nip6yE9gK8CEQzdIRn-nVE2f','182.182.55.202',1621923386),(27,'fileStorage','http://storagemihesms.techkorner.ca/source','/1/nE9nztvLXIpStrHd7aKxR3VX-_LUZF80.docx','application/vnd.openxmlformats-officedocument.wordprocessingml.document',23666,'nE9nztvLXIpStrHd7aKxR3VX-_LUZF80','94.197.244.186',1622200515),(28,'fileStorage','http://storagemihesms.techkorner.ca/source','/1/soMpptq096aiCFkBgYJhvVSfv0SsVDtt.docx','application/vnd.openxmlformats-officedocument.wordprocessingml.document',152189,'soMpptq096aiCFkBgYJhvVSfv0SsVDtt','212.139.62.210',1622208707),(29,'fileStorage','http://storagemihesms.techkorner.ca/source','/1/AX2sA8F5p9DZn9q90aPFznY2ycHEmb1A.jpg','image/jpeg',879394,'AX2sA8F5p9DZn9q90aPFznY2ycHEmb1A','182.182.87.56',1622439861),(30,'fileStorage','http://storagemihesms.techkorner.ca/source','/1/e-Fy3YF37dEkps2K28maHr3TXVxguQAw.jpg','image/jpeg',777835,'e-Fy3YF37dEkps2K28maHr3TXVxguQAw','182.182.87.56',1622483040),(31,'fileStorage','http://storagemihesms.techkorner.ca/source','/1/MyJBmok0lOm_zmpXZCyCU9l9q4T3SEeT.jpg','image/jpeg',845941,'MyJBmok0lOm_zmpXZCyCU9l9q4T3SEeT','182.182.87.56',1622535789),(32,'fileStorage','http://storagemihesms.techkorner.ca/source','/1/Ak3T8oCjBU2VEPUlsPHXg_Ey5Geo5vQR.jpg','image/jpeg',118206,'Ak3T8oCjBU2VEPUlsPHXg_Ey5Geo5vQR','182.182.87.56',1622555258),(33,'fileStorage','http://storagemihesms.techkorner.ca/source','/1/Wufn7pTy8n6f4IXGPZIewSfhSOMjLxe1.pdf','application/pdf',231479,'Wufn7pTy8n6f4IXGPZIewSfhSOMjLxe1','182.182.57.79',1623668668),(34,'fileStorage','http://storagemihesms.techkorner.ca/source','/1/D_CJlH0ZnPRQchWs2qlllGTo2p0o1-oQ.pdf','application/pdf',231479,'D_CJlH0ZnPRQchWs2qlllGTo2p0o1-oQ','182.182.57.79',1623668711),(35,'fileStorage','http://storagemihesms.techkorner.ca/source','/1/w6NWKjFQrgMlVVuFLjLPjGA9fPngtiPX.docx','application/vnd.openxmlformats-officedocument.wordprocessingml.document',11368,'w6NWKjFQrgMlVVuFLjLPjGA9fPngtiPX','212.139.62.210',1624271534),(36,'fileStorage','http://storagemihesms.techkorner.ca/source','/1/w3GIoqpz-WrQNB9KKx4-nDB8wT8RB3ZE.jpg','image/jpeg',69567,'w3GIoqpz-WrQNB9KKx4-nDB8wT8RB3ZE','182.182.38.128',1625125493),(37,'fileStorage','http://storagemihesms.techkorner.ca/source','/1/8E8MVc-SVkLVjfBQTmbNswysgFX5KRJB.jpg','image/jpeg',98097,'8E8MVc-SVkLVjfBQTmbNswysgFX5KRJB','81.136.37.5',1625259737),(38,'fileStorage','http://storagemihesms.techkorner.ca/source','/1/3x73jrLpqi7pL0ewAlGKqG8b0liuSs4Q.pdf','application/pdf',1003436,'3x73jrLpqi7pL0ewAlGKqG8b0liuSs4Q','182.182.44.87',1625297764),(39,'fileStorage','http://storagemihesms.techkorner.ca/source','/1/cAbZ8XqB4xv46T072aXD-xJIY8jJDvZy.pdf','application/pdf',61140,'cAbZ8XqB4xv46T072aXD-xJIY8jJDvZy','182.182.44.87',1625297997),(40,'fileStorage','http://storagemihesms.techkorner.ca/source','/1/Nhqf4ZzfPVnCyHAgEJLLl-X-0TsH3xAi.exe','application/x-dosexec',1179880,'Nhqf4ZzfPVnCyHAgEJLLl-X-0TsH3xAi','39.43.26.4',1627647960),(41,'fileStorage','http://storagemihesms.techkorner.ca/source','/1/h-Lt6P_plPICPE2NiUd_LVLSydn2hfiA.exe','application/x-dosexec',333096,'h-Lt6P_plPICPE2NiUd_LVLSydn2hfiA','39.43.26.4',1627647973),(42,'fileStorage','http://storagemihesms.techkorner.ca/source','/1/bEhRD_2g4PxmTowBRFDcHgqKyD7y3OLd.rb','text/x-ruby',10897,'bEhRD_2g4PxmTowBRFDcHgqKyD7y3OLd','39.43.26.4',1627648021),(43,'fileStorage','http://storagemihesms.techkorner.ca/source','/1/BkydSL40cwB6qSFUjOsHsPZdJD45gT-0.docx','application/vnd.openxmlformats-officedocument.wordprocessingml.document',17804,'BkydSL40cwB6qSFUjOsHsPZdJD45gT-0','182.182.82.107',1632979572),(44,'fileStorage','http://storagemihesms.techkorner.ca/source','/1/l4murEBtqswc38d1n5DRNgZm4OkiDjsl.jpg','image/jpeg',87719,'l4murEBtqswc38d1n5DRNgZm4OkiDjsl','182.182.38.255',1635436667),(45,'fileStorage','http://storagemihesms.techkorner.ca/source','/1/aQ3gepZJzNSh8yEURbYfIktvqzXEpgDe.jpg','image/jpeg',87719,'aQ3gepZJzNSh8yEURbYfIktvqzXEpgDe','182.182.38.255',1635588391),(46,'fileStorage','http://storagemihesms.techkorner.ca/source','/1/H5HjQJar7fUohToEJ4ifoDExU-kIT8qH.jpg','image/jpeg',87719,'H5HjQJar7fUohToEJ4ifoDExU-kIT8qH','182.182.38.255',1635766276),(47,'fileStorage','http://storagemihesms.techkorner.ca/source','/1/n6xU2NoVkx11MpKKzfo9q3tIQ_OWHxZU.jpg','image/jpeg',845941,'n6xU2NoVkx11MpKKzfo9q3tIQ_OWHxZU','182.182.17.227',1637135369),(48,'fileStorage','http://storagemihesms.techkorner.ca/source','/1/UY71xs8kCIsG2OfCCDCufK-wpKKuzzZd.pdf','application/pdf',401305,'UY71xs8kCIsG2OfCCDCufK-wpKKuzzZd','182.182.17.227',1637145483),(49,'fileStorage','http://storagemihesms.techkorner.ca/source','/1/DGFVESOEI3kdJrK3pUfOn80fSFOv3Lrs.jpg','image/jpeg',845941,'DGFVESOEI3kdJrK3pUfOn80fSFOv3Lrs','182.182.17.227',1637145834),(50,'fileStorage','http://storagemihesms.techkorner.ca/source','/1/73UXzxEdxtjK3AAD33H_B5g-eLcR_w3O.pdf','application/pdf',401305,'73UXzxEdxtjK3AAD33H_B5g-eLcR_w3O','182.182.17.227',1637145961),(51,'fileStorage','http://storagemihesms.techkorner.ca/source','/1/HsvcHFxJnmXVifrOVo0elmepTkBs31lv.pdf','application/pdf',401305,'HsvcHFxJnmXVifrOVo0elmepTkBs31lv','182.182.17.227',1637146028),(52,'fileStorage','http://storagemihesms.techkorner.ca/source','/1/yigu6RWNggvCAGFGX0Bd9NjirSdE3de8.pdf','application/pdf',401305,'yigu6RWNggvCAGFGX0Bd9NjirSdE3de8','182.182.17.227',1637146148),(53,'fileStorage','http://storagemihesms.techkorner.ca/source','/1/rYebgmSFa0zqOEGLcYgtsw7r5o_iRidz.pdf','application/pdf',401305,'rYebgmSFa0zqOEGLcYgtsw7r5o_iRidz','182.182.17.227',1637146515),(54,'fileStorage','http://storagemihesms.techkorner.ca/source','/1/gNfOJ3pFu6nqWbUDkkNzDuvJRBQL-A-P.pdf','application/pdf',401305,'gNfOJ3pFu6nqWbUDkkNzDuvJRBQL-A-P','182.182.17.227',1637146993),(55,'fileStorage','http://storagemihesms.techkorner.ca/source','/1/Mp-jPzbQdjzIXlxiqiCUy1T3QBO3JltD.png','image/png',149714,'Mp-jPzbQdjzIXlxiqiCUy1T3QBO3JltD','182.182.80.67',1637578731),(56,'fileStorage','http://storagemihesms.techkorner.ca/source','/1/_ookrn5U-vJA5Kk1_uCcBYItV5hzzpAT.jpg','image/jpeg',30555,'_ookrn5U-vJA5Kk1_uCcBYItV5hzzpAT','182.182.80.67',1637579455),(57,'fileStorage','http://storagemihesms.techkorner.ca/source','/1/-lRDjGtdm6zSk3FVrsr2mygnivElgdbl.jpg','image/jpeg',37260,'-lRDjGtdm6zSk3FVrsr2mygnivElgdbl','182.182.125.239',1642460257),(58,'fileStorage','http://storagemihesms.techkorner.ca/source','/1/pCmc6XIu_Ag2kb-EhbD2wEKO0lzwxn9G.jpg','image/jpeg',90570,'pCmc6XIu_Ag2kb-EhbD2wEKO0lzwxn9G','182.182.125.239',1642501074),(59,'fileStorage','http://storagemihesms.techkorner.ca/source','/1/NtuRVvWFzVm1ILd929HcpJowZOSZr6xM.jpg','image/jpeg',162402,'NtuRVvWFzVm1ILd929HcpJowZOSZr6xM','182.182.87.98',1653135858),(60,'fileStorage','http://storagemihesms.techkorner.ca/source','/1/R2yoOD69RbrT5yLNkWWmnUTjmOdty3rU.jpg','image/jpeg',45876,'R2yoOD69RbrT5yLNkWWmnUTjmOdty3rU','182.182.87.98',1653135963),(61,'fileStorage','http://storagemihesms.techkorner.ca/source','/1/WxDANxNv6pD0Z3K7e3ik8wnlwa3zW5zH.pdf','application/pdf',367541,'WxDANxNv6pD0Z3K7e3ik8wnlwa3zW5zH','95.185.34.226',1655719307),(62,'fileStorage','http://storage.mihe.local/source','1\\kZnrkl8hJodlM5BlKvL63XGoTOkQDdNl.jpg','image/jpeg',55432,'kZnrkl8hJodlM5BlKvL63XGoTOkQDdNl','127.0.0.1',1673090508),(63,'fileStorage','http://storage.mihe.local/source','1\\SvKoqjGC6tuuepJ4Nuaoz4pnu13zardv.png','image/png',8323,'SvKoqjGC6tuuepJ4Nuaoz4pnu13zardv','127.0.0.1',1673204355),(64,'fileStorage','http://storage.mihe.local/source','1\\vwnLMjQSJf2VWQTH_JIJFh7ErkkQq4M_.png','image/png',8323,'vwnLMjQSJf2VWQTH_JIJFh7ErkkQq4M_','127.0.0.1',1673204711),(65,'fileStorage','http://storage.mihe.local/source','1\\dw_0xvcZE8900eVDn-KGeIS307UqkyYF.png','image/png',8323,'dw_0xvcZE8900eVDn-KGeIS307UqkyYF','127.0.0.1',1673204940),(66,'fileStorage','http://storage.mihe.local/source','1\\B9mQMWf76MAxlKPMbv_BOwdMt5JqrkJd.png','image/png',210801,'B9mQMWf76MAxlKPMbv_BOwdMt5JqrkJd','127.0.0.1',1673205051);

/*Table structure for table `i18n_message` */

DROP TABLE IF EXISTS `i18n_message`;

CREATE TABLE `i18n_message` (
  `id` int(11) NOT NULL DEFAULT 0,
  `language` varchar(16) NOT NULL DEFAULT '',
  `translation` text DEFAULT NULL,
  PRIMARY KEY (`id`,`language`)
) ENGINE=InnoDB DEFAULT CHARSET=latin1;

/*Data for the table `i18n_message` */

/*Table structure for table `i18n_source_message` */

DROP TABLE IF EXISTS `i18n_source_message`;

CREATE TABLE `i18n_source_message` (
  `id` int(11) NOT NULL AUTO_INCREMENT,
  `category` varchar(32) DEFAULT NULL,
  `message` text DEFAULT NULL,
  PRIMARY KEY (`id`)
) ENGINE=InnoDB DEFAULT CHARSET=latin1;

/*Data for the table `i18n_source_message` */

/*Table structure for table `key_storage_item` */

DROP TABLE IF EXISTS `key_storage_item`;

CREATE TABLE `key_storage_item` (
  `key` varchar(128) NOT NULL,
  `value` text NOT NULL,
  `comment` text DEFAULT NULL,
  `updated_at` int(11) DEFAULT NULL,
  `created_at` int(11) DEFAULT NULL,
  PRIMARY KEY (`key`),
  UNIQUE KEY `idx_key_storage_item_key` (`key`)
) ENGINE=InnoDB DEFAULT CHARSET=latin1;

/*Data for the table `key_storage_item` */

insert  into `key_storage_item`(`key`,`value`,`comment`,`updated_at`,`created_at`) values ('adminlte.sidebar-collapsed','1	',NULL,NULL,NULL),('adminlte.sidebar-mini','1',NULL,NULL,NULL),('backend.help.application-list','This screen shows all the applications received and their status',NULL,NULL,NULL),('backend.help.course-list','Here you can search for details of a course already set (including course title, and modules that make up the course) or create a new course.',NULL,NULL,NULL),('backend.help.data-reports','This screen shows overall students data in different formats including applications data.',NULL,NULL,NULL),('backend.help.intake-list','This screen shows the list of Intakes Set by the Administrators.<br />\r\nYou can also create new intakes here.',NULL,NULL,NULL),('backend.help.module-attendance-list','This screen shows module attendance report of students for a specific session, and also attendance report of total students for each session to date.',NULL,NULL,NULL),('backend.help.module-attendance-session-studentcount','This table below displays the number of students attended each session.',NULL,NULL,NULL),('backend.help.module-list','Here you can search for details of a module already set (including assessments for the module) or create a new module.',NULL,NULL,NULL),('backend.help.module-teacher','Here you can check or assign tutors for a module',NULL,NULL,NULL),('backend.help.student-list','On this screen you can search for a student or create a new student',NULL,NULL,NULL),('backend.help.teacher-assessment','This option allows tutors to input students marks for each module',NULL,NULL,NULL),('backend.help.teacher-assessment-results','Admin / Teachers can check/print the students marks for a module.',NULL,NULL,NULL),('backend.help.teacher-attedance','Tutors can search for a module and add class/session attendance',NULL,NULL,NULL),('backend.help.teacher-attendance-note','Here you can view attendance for all students on a module and also mark students attendance for each session',NULL,NULL,NULL),('backend.help.text','About This Page!',NULL,NULL,NULL),('backend.layout-boxed','0',NULL,NULL,NULL),('backend.layout-collapsed-sidebar','0',NULL,NULL,NULL),('backend.layout-fixed','0',NULL,NULL,NULL),('backend.theme-skin','skin-blue','skin-blue, skin-black, skin-purple, skin-green, skin-red, skin-yellow',NULL,NULL),('entryQualificationeList','{ \"DUK\": \"UK doctorate degree\", \"DZZ\": \" Non-UK doctorate degree\", \"D80\": \"Other qualification at level D\", \"MUK\": \"UK masters degree\", \"MZZ\": \"Non-UK masters degree\", \"M2X\": \"Integrated, undergraduate/postgraduate taught masters degree on the enhanced/extended pattern\", \"M41\": \"Diploma at level M\", \"M44\": \"Certificate at level M\", \"M71\": \"Postgraduate Certificate in Education or Professional Graduate Diploma in Education\", \"M80\": \"Other taught qualification at level M\", \"M90\": \"Taught work at level M for provider credit\", \"HUK\": \"UK first degree with honours\", \"HZZ\": \"Non-UK first degree\", \"H11\": \"First degree with honours leading to Qualified Teacher Status (QTS)/registration with a General Teaching Council (GTC)\", \"H71\": \"Professional Graduate Certificate in Education\", \"H80\": \"Other qualification at level H\", \"JUK\": \"UK ordinary (non-honours) first degree\", \"J10\": \"Foundation degree\", \"J20\": \"Diploma of Higher Education (DipHE)\", \"J30\": \"Higher National Diploma (HND)\", \"J49\": \"Foundation course at level J\", \"J48\": \"Certificate in Education (CertEd) or Diploma in Education (DipEd) (i.e. non-graduate initial teacher training qualification)\", \"J80\": \"Other qualification at level J\", \"C20\": \"Certificate of Higher Education (CertHE)\", \"C30\": \"Higher National Certificate (HNC)\", \"C44\": \"Higher Apprenticeship (level 4)\", \"C80\": \"Other qualification at level C\", \"C90\": \"Undergraduate credits\", \"P41\": \"Diploma at level 3\", \"P42\": \"Certificate at level 3\", \"P46\": \"Award at level 3\", \"P47\": \"AQA Baccalaureate (Bacc)\", \"P50\": \"A/AS level\", \"P51\": \"14-19 Advanced Diploma (level 3)\", \"P53\": \"Scottish Baccalaureate\", \"P54\": \"Scottish Highers/Advanced Highers\", \"P62\": \"International Baccalaureate (IB) Diploma\", \"P63\": \"International Baccalaureate (IB) Certificate\", \"P64\": \"Cambridge Pre-U Diploma\", \"P65\": \"Cambridge Pre-U Certificate\", \"P68\": \"Welsh Baccalaureate Advanced Diploma (level 3)\", \"P80\": \"Other qualification at level 3\", \"P92\": \"Level 3 qualifications of which none are subject to UCAS Tariff\", \"P93\": \"Level 3 qualifications of which all are subject to UCAS Tariff\", \"P94\": \"Level 3 qualifications of which some are subject to UCAS Tariff\", \"Q51\": \"14-19 Higher Diploma (level 2)\", \"Q52\": \"Welsh Baccalaureate Intermediate Diploma (level 2)\", \"Q80\": \"Other qualification at level 2\", \"R51\": \"14-19 Foundation Diploma (level 1)\", \"R52\": \"Welsh Baccalaureate Foundation Diploma (level 1)\", \"R80\": \"Other qualification at level 1\", \"X00\": \"Higher education (HE) access course Quality Assurance Agency (QAA) recognised\", \"X01\": \"Higher education (HE) access course, not Quality Assurance Agency (QAA) recognised\", \"X02\": \"Mature student admitted on basis of previous experience and/or admissions test\", \"X04\": \"Other qualification level not known\", \"X05\": \"Student has no formal qualification\", \"X06\": \"Not known\"}','',1616582821,1616582809),('frontend.maintenance','disabled','Set it to \"enabled\" to turn on maintenance mode',NULL,NULL);

/*Table structure for table `migration` */

DROP TABLE IF EXISTS `migration`;

CREATE TABLE `migration` (
  `version` varchar(180) NOT NULL,
  `apply_time` int(11) DEFAULT NULL,
  PRIMARY KEY (`version`)
) ENGINE=InnoDB DEFAULT CHARSET=latin1;

/*Data for the table `migration` */

insert  into `migration`(`version`,`apply_time`) values ('m000000_000000_base',1613915332);

/*Table structure for table `notification` */

DROP TABLE IF EXISTS `notification`;

CREATE TABLE `notification` (
  `id` int(11) NOT NULL AUTO_INCREMENT,
  `client_id` int(11) NOT NULL,
  `parent_id` int(11) DEFAULT NULL,
  `parent_type` varchar(25) CHARACTER SET latin1 DEFAULT NULL,
  `type` varchar(25) CHARACTER SET latin1 DEFAULT NULL,
  `medium` varchar(25) CHARACTER SET latin1 DEFAULT NULL,
  `to_number` varchar(15) CHARACTER SET latin1 DEFAULT NULL,
  `from_text` varchar(35) CHARACTER SET latin1 DEFAULT NULL,
  `title` varchar(35) CHARACTER SET latin1 NOT NULL,
  `contents` text CHARACTER SET utf16 NOT NULL,
  `status` int(11) NOT NULL,
  `created_by` int(11) DEFAULT NULL,
  `updated_by` int(11) DEFAULT NULL,
  `created_at` int(11) DEFAULT NULL,
  `updated_at` int(11) DEFAULT NULL,
  PRIMARY KEY (`id`),
  KEY `parent` (`parent_id`),
  KEY `FK_announcement` (`client_id`)
) ENGINE=InnoDB DEFAULT CHARSET=utf8;

/*Data for the table `notification` */

/*Table structure for table `page` */

DROP TABLE IF EXISTS `page`;

CREATE TABLE `page` (
  `id` int(11) NOT NULL AUTO_INCREMENT,
  `slug` varchar(2048) NOT NULL,
  `title` varchar(512) NOT NULL,
  `body` text NOT NULL,
  `view` varchar(255) DEFAULT NULL,
  `status` smallint(6) NOT NULL,
  `created_at` int(11) DEFAULT NULL,
  `updated_at` int(11) DEFAULT NULL,
  PRIMARY KEY (`id`)
) ENGINE=InnoDB AUTO_INCREMENT=2 DEFAULT CHARSET=latin1;

/*Data for the table `page` */

insert  into `page`(`id`,`slug`,`title`,`body`,`view`,`status`,`created_at`,`updated_at`) values (1,'about','About','Lorem ipsum dolor sit amet, consectetur adipiscing elit.',NULL,1,1613295161,1613295161);

/*Table structure for table `rbac_auth_assignment` */

DROP TABLE IF EXISTS `rbac_auth_assignment`;

CREATE TABLE `rbac_auth_assignment` (
  `item_name` varchar(64) NOT NULL,
  `user_id` int(11) NOT NULL,
  `created_at` int(11) DEFAULT NULL,
  PRIMARY KEY (`item_name`,`user_id`),
  KEY `user_id` (`user_id`)
) ENGINE=InnoDB DEFAULT CHARSET=utf8;

/*Data for the table `rbac_auth_assignment` */

insert  into `rbac_auth_assignment`(`item_name`,`user_id`,`created_at`) values ('user',97,1683717673);

/*Table structure for table `rbac_auth_item` */

DROP TABLE IF EXISTS `rbac_auth_item`;

CREATE TABLE `rbac_auth_item` (
  `name` varchar(64) NOT NULL,
  `type` int(11) NOT NULL,
  `description` text DEFAULT NULL,
  `rule_name` varchar(64) DEFAULT NULL,
  `data` text DEFAULT NULL,
  `created_at` int(11) DEFAULT NULL,
  `updated_at` int(11) DEFAULT NULL,
  `group_code` varchar(64) DEFAULT NULL,
  PRIMARY KEY (`name`),
  KEY `rule_name` (`rule_name`),
  KEY `idx-auth_item-type` (`type`),
  KEY `fk_auth_item_group_code` (`group_code`)
) ENGINE=InnoDB DEFAULT CHARSET=utf8;

/*Data for the table `rbac_auth_item` */

insert  into `rbac_auth_item`(`name`,`type`,`description`,`rule_name`,`data`,`created_at`,`updated_at`,`group_code`) values ('/*',3,NULL,NULL,NULL,1517166249,1517166249,NULL),('/article/*',3,NULL,NULL,NULL,1621193341,1621193341,NULL),('/article/attachment-download',3,NULL,NULL,NULL,1621193341,1621193341,NULL),('/article/index',3,NULL,NULL,NULL,1621193341,1621193341,NULL),('/article/view',3,NULL,NULL,NULL,1621193341,1621193341,NULL),('/assessmentms/*',3,NULL,NULL,NULL,1619748061,1619748061,NULL),('/assessmentms/assessment-result/*',3,NULL,NULL,NULL,1619748061,1619748061,NULL),('/assessmentms/assessment-result/approve-student-result',3,NULL,NULL,NULL,1623667743,1623667743,NULL),('/assessmentms/assessment-result/create',3,NULL,NULL,NULL,1619748061,1619748061,NULL),('/assessmentms/assessment-result/create-multiple',3,NULL,NULL,NULL,1619748061,1619748061,NULL),('/assessmentms/assessment-result/delete',3,NULL,NULL,NULL,1619748061,1619748061,NULL),('/assessmentms/assessment-result/index',3,NULL,NULL,NULL,1619748061,1619748061,NULL),('/assessmentms/assessment-result/report',3,NULL,NULL,NULL,1619748061,1619748061,NULL),('/assessmentms/assessment-result/update',3,NULL,NULL,NULL,1619748061,1619748061,NULL),('/assessmentms/assessment-result/view',3,NULL,NULL,NULL,1619748061,1619748061,NULL),('/assessmentms/assessment/*',3,NULL,NULL,NULL,1619748061,1619748061,NULL),('/assessmentms/assessment/create',3,NULL,NULL,NULL,1619748061,1619748061,NULL),('/assessmentms/assessment/delete',3,NULL,NULL,NULL,1619748061,1619748061,NULL),('/assessmentms/assessment/index',3,NULL,NULL,NULL,1619748061,1619748061,NULL),('/assessmentms/assessment/update',3,NULL,NULL,NULL,1619748061,1619748061,NULL),('/assessmentms/assessment/view',3,NULL,NULL,NULL,1619748061,1619748061,NULL),('/assessmentms/default/*',3,NULL,NULL,NULL,1619748061,1619748061,NULL),('/assessmentms/default/index',3,NULL,NULL,NULL,1619748061,1619748061,NULL),('/assessmentms/module-results/*',3,NULL,NULL,NULL,1637570347,1637570347,NULL),('/assessmentms/module-results/create',3,NULL,NULL,NULL,1637570347,1637570347,NULL),('/assessmentms/module-results/delete',3,NULL,NULL,NULL,1637570347,1637570347,NULL),('/assessmentms/module-results/index',3,NULL,NULL,NULL,1637570347,1637570347,NULL),('/assessmentms/module-results/update',3,NULL,NULL,NULL,1637570347,1637570347,NULL),('/assessmentms/module-results/view',3,NULL,NULL,NULL,1637570347,1637570347,NULL),('/content/*',3,NULL,NULL,NULL,1614172012,1614172012,NULL),('/content/article/*',3,NULL,NULL,NULL,1614172012,1614172012,NULL),('/content/article/create',3,NULL,NULL,NULL,1614172012,1614172012,NULL),('/content/article/delete',3,NULL,NULL,NULL,1614172012,1614172012,NULL),('/content/article/index',3,NULL,NULL,NULL,1614172012,1614172012,NULL),('/content/article/update',3,NULL,NULL,NULL,1614172012,1614172012,NULL),('/content/category/*',3,NULL,NULL,NULL,1614172012,1614172012,NULL),('/content/category/delete',3,NULL,NULL,NULL,1614172012,1614172012,NULL),('/content/category/index',3,NULL,NULL,NULL,1614172012,1614172012,NULL),('/content/category/update',3,NULL,NULL,NULL,1614172012,1614172012,NULL),('/content/page/*',3,NULL,NULL,NULL,1614172012,1614172012,NULL),('/content/page/create',3,NULL,NULL,NULL,1614172012,1614172012,NULL),('/content/page/delete',3,NULL,NULL,NULL,1614172012,1614172012,NULL),('/content/page/index',3,NULL,NULL,NULL,1614172012,1614172012,NULL),('/content/page/update',3,NULL,NULL,NULL,1614172012,1614172012,NULL),('/dashboard/*',3,NULL,NULL,NULL,1618653674,1618653674,NULL),('/dashboard/application-reports',3,NULL,NULL,NULL,1618653674,1618653674,NULL),('/dashboard/bulk-activate',3,NULL,NULL,NULL,1618653674,1618653674,NULL),('/dashboard/bulk-deactivate',3,NULL,NULL,NULL,1618653674,1618653674,NULL),('/dashboard/bulk-delete',3,NULL,NULL,NULL,1618653674,1618653674,NULL),('/dashboard/create',3,NULL,NULL,NULL,1618653674,1618653674,NULL),('/dashboard/data-reports',3,NULL,NULL,NULL,1624518174,1624518174,NULL),('/dashboard/delete',3,NULL,NULL,NULL,1618653674,1618653674,NULL),('/dashboard/grid-page-size',3,NULL,NULL,NULL,1618653674,1618653674,NULL),('/dashboard/grid-sort',3,NULL,NULL,NULL,1618653674,1618653674,NULL),('/dashboard/index',3,NULL,NULL,NULL,1618653674,1618653674,NULL),('/dashboard/toggle-attribute',3,NULL,NULL,NULL,1618653674,1618653674,NULL),('/dashboard/update',3,NULL,NULL,NULL,1618653674,1618653674,NULL),('/dashboard/view',3,NULL,NULL,NULL,1618653674,1618653674,NULL),('/debug/*',3,NULL,NULL,NULL,1583755082,1583755082,NULL),('/debug/default/*',3,NULL,NULL,NULL,1583755082,1583755082,NULL),('/debug/default/db-explain',3,NULL,NULL,NULL,1583755082,1583755082,NULL),('/debug/default/download-mail',3,NULL,NULL,NULL,1583755082,1583755082,NULL),('/debug/default/index',3,NULL,NULL,NULL,1583755082,1583755082,NULL),('/debug/default/toolbar',3,NULL,NULL,NULL,1583755082,1583755082,NULL),('/debug/default/view',3,NULL,NULL,NULL,1583755082,1583755082,NULL),('/debug/user/*',3,NULL,NULL,NULL,1583755082,1583755082,NULL),('/debug/user/reset-identity',3,NULL,NULL,NULL,1583755082,1583755082,NULL),('/debug/user/set-identity',3,NULL,NULL,NULL,1583755082,1583755082,NULL),('/file/*',3,NULL,NULL,NULL,1614172010,1614172010,NULL),('/file/manager/*',3,NULL,NULL,NULL,1614172011,1614172011,NULL),('/file/manager/connector',3,NULL,NULL,NULL,1614172011,1614172011,NULL),('/file/manager/index',3,NULL,NULL,NULL,1614172011,1614172011,NULL),('/file/storage/*',3,NULL,NULL,NULL,1614172010,1614172010,NULL),('/file/storage/delete',3,NULL,NULL,NULL,1614172010,1614172010,NULL),('/file/storage/index',3,NULL,NULL,NULL,1614172011,1614172011,NULL),('/file/storage/upload',3,NULL,NULL,NULL,1614172011,1614172011,NULL),('/file/storage/upload-delete',3,NULL,NULL,NULL,1614172011,1614172011,NULL),('/file/storage/upload-imperavi',3,NULL,NULL,NULL,1614172011,1614172011,NULL),('/file/storage/view',3,NULL,NULL,NULL,1614172011,1614172011,NULL),('/gii/*',3,NULL,NULL,NULL,1517166249,1517166249,NULL),('/gii/default/*',3,NULL,NULL,NULL,1517166249,1517166249,NULL),('/gii/default/action',3,NULL,NULL,NULL,1517166249,1517166249,NULL),('/gii/default/diff',3,NULL,NULL,NULL,1517166249,1517166249,NULL),('/gii/default/index',3,NULL,NULL,NULL,1517166249,1517166249,NULL),('/gii/default/preview',3,NULL,NULL,NULL,1517166249,1517166249,NULL),('/gii/default/view',3,NULL,NULL,NULL,1517166249,1517166249,NULL),('/page/*',3,NULL,NULL,NULL,1621193341,1621193341,NULL),('/page/view',3,NULL,NULL,NULL,1621193341,1621193341,NULL),('/sign-in/*',3,NULL,NULL,NULL,1583755074,1583755074,NULL),('/sign-in/account',3,NULL,NULL,NULL,1583755074,1583755074,NULL),('/sign-in/avatar-delete',3,NULL,NULL,NULL,1583755074,1583755074,NULL),('/sign-in/avatar-upload',3,NULL,NULL,NULL,1583755074,1583755074,NULL),('/sign-in/login',3,NULL,NULL,NULL,1583755074,1583755074,NULL),('/sign-in/logout',3,NULL,NULL,NULL,1583755074,1583755074,NULL),('/sign-in/profile',3,NULL,NULL,NULL,1583755074,1583755074,NULL),('/site/*',3,NULL,NULL,NULL,1583755073,1583755073,NULL),('/site/captcha',3,NULL,NULL,NULL,1621193341,1621193341,NULL),('/site/contact',3,NULL,NULL,NULL,1621193341,1621193341,NULL),('/site/error',3,NULL,NULL,NULL,1583755074,1583755074,NULL),('/site/index',3,NULL,NULL,NULL,1621193341,1621193341,NULL),('/site/set-locale',3,NULL,NULL,NULL,1621193341,1621193341,NULL),('/site/sitemap',3,NULL,NULL,NULL,1621193341,1621193341,NULL),('/studentms/*',3,NULL,NULL,NULL,1614172003,1614172003,NULL),('/studentms/admission-application/*',3,NULL,NULL,NULL,1614172009,1614172009,NULL),('/studentms/admission-application/bulk-activate',3,NULL,NULL,NULL,1615986394,1615986394,NULL),('/studentms/admission-application/bulk-deactivate',3,NULL,NULL,NULL,1615986394,1615986394,NULL),('/studentms/admission-application/bulk-delete',3,NULL,NULL,NULL,1615986394,1615986394,NULL),('/studentms/admission-application/create',3,NULL,NULL,NULL,1614172009,1614172009,NULL),('/studentms/admission-application/delete',3,NULL,NULL,NULL,1614172009,1614172009,NULL),('/studentms/admission-application/grid-page-size',3,NULL,NULL,NULL,1615986394,1615986394,NULL),('/studentms/admission-application/grid-sort',3,NULL,NULL,NULL,1615986394,1615986394,NULL),('/studentms/admission-application/index',3,NULL,NULL,NULL,1614172009,1614172009,NULL),('/studentms/admission-application/toggle-attribute',3,NULL,NULL,NULL,1615986394,1615986394,NULL),('/studentms/admission-application/update',3,NULL,NULL,NULL,1614172009,1614172009,NULL),('/studentms/admission-application/view',3,NULL,NULL,NULL,1614172009,1614172009,NULL),('/studentms/application-detail/*',3,NULL,NULL,NULL,1615986394,1615986394,NULL),('/studentms/application-detail/create',3,NULL,NULL,NULL,1615986394,1615986394,NULL),('/studentms/application-detail/delete',3,NULL,NULL,NULL,1615986394,1615986394,NULL),('/studentms/application-detail/enrollment-process',3,NULL,NULL,NULL,1621193341,1621193341,NULL),('/studentms/application-detail/index',3,NULL,NULL,NULL,1615986394,1615986394,NULL),('/studentms/application-detail/print-application',3,NULL,NULL,NULL,1618653674,1618653674,NULL),('/studentms/application-detail/update',3,NULL,NULL,NULL,1615986394,1615986394,NULL),('/studentms/application-detail/view',3,NULL,NULL,NULL,1615986394,1615986394,NULL),('/studentms/course-modules/*',3,NULL,NULL,NULL,1614172008,1614172008,NULL),('/studentms/course-modules/bulk-activate',3,NULL,NULL,NULL,1615986394,1615986394,NULL),('/studentms/course-modules/bulk-deactivate',3,NULL,NULL,NULL,1615986394,1615986394,NULL),('/studentms/course-modules/bulk-delete',3,NULL,NULL,NULL,1615986394,1615986394,NULL),('/studentms/course-modules/create',3,NULL,NULL,NULL,1614172008,1614172008,NULL),('/studentms/course-modules/delete',3,NULL,NULL,NULL,1614172008,1614172008,NULL),('/studentms/course-modules/grid-page-size',3,NULL,NULL,NULL,1615986394,1615986394,NULL),('/studentms/course-modules/grid-sort',3,NULL,NULL,NULL,1615986394,1615986394,NULL),('/studentms/course-modules/index',3,NULL,NULL,NULL,1614172008,1614172008,NULL),('/studentms/course-modules/toggle-attribute',3,NULL,NULL,NULL,1615986394,1615986394,NULL),('/studentms/course-modules/update',3,NULL,NULL,NULL,1614172008,1614172008,NULL),('/studentms/course-modules/view',3,NULL,NULL,NULL,1614172008,1614172008,NULL),('/studentms/course-type/*',3,NULL,NULL,NULL,1614172008,1614172008,NULL),('/studentms/course-type/bulk-activate',3,NULL,NULL,NULL,1615986394,1615986394,NULL),('/studentms/course-type/bulk-deactivate',3,NULL,NULL,NULL,1615986394,1615986394,NULL),('/studentms/course-type/bulk-delete',3,NULL,NULL,NULL,1615986394,1615986394,NULL),('/studentms/course-type/create',3,NULL,NULL,NULL,1614172008,1614172008,NULL),('/studentms/course-type/delete',3,NULL,NULL,NULL,1614172008,1614172008,NULL),('/studentms/course-type/grid-page-size',3,NULL,NULL,NULL,1615986394,1615986394,NULL),('/studentms/course-type/grid-sort',3,NULL,NULL,NULL,1615986394,1615986394,NULL),('/studentms/course-type/index',3,NULL,NULL,NULL,1614172008,1614172008,NULL),('/studentms/course-type/toggle-attribute',3,NULL,NULL,NULL,1615986394,1615986394,NULL),('/studentms/course-type/update',3,NULL,NULL,NULL,1614172008,1614172008,NULL),('/studentms/course-type/view',3,NULL,NULL,NULL,1614172008,1614172008,NULL),('/studentms/course/*',3,NULL,NULL,NULL,1614172008,1614172008,NULL),('/studentms/course/bulk-activate',3,NULL,NULL,NULL,1615986394,1615986394,NULL),('/studentms/course/bulk-deactivate',3,NULL,NULL,NULL,1615986394,1615986394,NULL),('/studentms/course/bulk-delete',3,NULL,NULL,NULL,1615986394,1615986394,NULL),('/studentms/course/create',3,NULL,NULL,NULL,1614172009,1614172009,NULL),('/studentms/course/delete',3,NULL,NULL,NULL,1614172009,1614172009,NULL),('/studentms/course/grid-page-size',3,NULL,NULL,NULL,1615986394,1615986394,NULL),('/studentms/course/grid-sort',3,NULL,NULL,NULL,1615986394,1615986394,NULL),('/studentms/course/index',3,NULL,NULL,NULL,1614172009,1614172009,NULL),('/studentms/course/toggle-attribute',3,NULL,NULL,NULL,1615986394,1615986394,NULL),('/studentms/course/update',3,NULL,NULL,NULL,1614172009,1614172009,NULL),('/studentms/course/view',3,NULL,NULL,NULL,1614172009,1614172009,NULL),('/studentms/default/*',3,NULL,NULL,NULL,1614172008,1614172008,NULL),('/studentms/default/bulk-activate',3,NULL,NULL,NULL,1615986394,1615986394,NULL),('/studentms/default/bulk-deactivate',3,NULL,NULL,NULL,1615986394,1615986394,NULL),('/studentms/default/bulk-delete',3,NULL,NULL,NULL,1615986394,1615986394,NULL),('/studentms/default/create',3,NULL,NULL,NULL,1615986394,1615986394,NULL),('/studentms/default/delete',3,NULL,NULL,NULL,1615986394,1615986394,NULL),('/studentms/default/grid-page-size',3,NULL,NULL,NULL,1615986394,1615986394,NULL),('/studentms/default/grid-sort',3,NULL,NULL,NULL,1615986394,1615986394,NULL),('/studentms/default/index',3,NULL,NULL,NULL,1614172008,1614172008,NULL),('/studentms/default/toggle-attribute',3,NULL,NULL,NULL,1615986394,1615986394,NULL),('/studentms/default/update',3,NULL,NULL,NULL,1615986394,1615986394,NULL),('/studentms/default/view',3,NULL,NULL,NULL,1615986394,1615986394,NULL),('/studentms/enrollment/*',3,NULL,NULL,NULL,1614172007,1614172007,NULL),('/studentms/enrollment/bulk-activate',3,NULL,NULL,NULL,1615986394,1615986394,NULL),('/studentms/enrollment/bulk-deactivate',3,NULL,NULL,NULL,1615986394,1615986394,NULL),('/studentms/enrollment/bulk-delete',3,NULL,NULL,NULL,1615986394,1615986394,NULL),('/studentms/enrollment/create',3,NULL,NULL,NULL,1614172007,1614172007,NULL),('/studentms/enrollment/delete',3,NULL,NULL,NULL,1614172007,1614172007,NULL),('/studentms/enrollment/grid-page-size',3,NULL,NULL,NULL,1615986394,1615986394,NULL),('/studentms/enrollment/grid-sort',3,NULL,NULL,NULL,1615986394,1615986394,NULL),('/studentms/enrollment/index',3,NULL,NULL,NULL,1614172008,1614172008,NULL),('/studentms/enrollment/toggle-attribute',3,NULL,NULL,NULL,1615986394,1615986394,NULL),('/studentms/enrollment/update',3,NULL,NULL,NULL,1614172007,1614172007,NULL),('/studentms/enrollment/view',3,NULL,NULL,NULL,1614172007,1614172007,NULL),('/studentms/intake/*',3,NULL,NULL,NULL,1614172007,1614172007,NULL),('/studentms/intake/bulk-activate',3,NULL,NULL,NULL,1615986394,1615986394,NULL),('/studentms/intake/bulk-deactivate',3,NULL,NULL,NULL,1615986394,1615986394,NULL),('/studentms/intake/bulk-delete',3,NULL,NULL,NULL,1615986394,1615986394,NULL),('/studentms/intake/create',3,NULL,NULL,NULL,1614172007,1614172007,NULL),('/studentms/intake/delete',3,NULL,NULL,NULL,1614172007,1614172007,NULL),('/studentms/intake/grid-page-size',3,NULL,NULL,NULL,1615986394,1615986394,NULL),('/studentms/intake/grid-sort',3,NULL,NULL,NULL,1615986394,1615986394,NULL),('/studentms/intake/index',3,NULL,NULL,NULL,1614172007,1614172007,NULL),('/studentms/intake/toggle-attribute',3,NULL,NULL,NULL,1615986394,1615986394,NULL),('/studentms/intake/update',3,NULL,NULL,NULL,1614172007,1614172007,NULL),('/studentms/intake/view',3,NULL,NULL,NULL,1614172007,1614172007,NULL),('/studentms/module-detail/*',3,NULL,NULL,NULL,1614172007,1614172007,NULL),('/studentms/module-detail/bulk-activate',3,NULL,NULL,NULL,1615986394,1615986394,NULL),('/studentms/module-detail/bulk-deactivate',3,NULL,NULL,NULL,1615986394,1615986394,NULL),('/studentms/module-detail/bulk-delete',3,NULL,NULL,NULL,1615986394,1615986394,NULL),('/studentms/module-detail/create',3,NULL,NULL,NULL,1614172007,1614172007,NULL),('/studentms/module-detail/delete',3,NULL,NULL,NULL,1614172007,1614172007,NULL),('/studentms/module-detail/grid-page-size',3,NULL,NULL,NULL,1615986394,1615986394,NULL),('/studentms/module-detail/grid-sort',3,NULL,NULL,NULL,1615986394,1615986394,NULL),('/studentms/module-detail/index',3,NULL,NULL,NULL,1614172007,1614172007,NULL),('/studentms/module-detail/toggle-attribute',3,NULL,NULL,NULL,1615986394,1615986394,NULL),('/studentms/module-detail/update',3,NULL,NULL,NULL,1614172007,1614172007,NULL),('/studentms/module-detail/view',3,NULL,NULL,NULL,1614172007,1614172007,NULL),('/studentms/module-teacher/*',3,NULL,NULL,NULL,1621356662,1621356662,NULL),('/studentms/module-teacher/create',3,NULL,NULL,NULL,1621356662,1621356662,NULL),('/studentms/module-teacher/create-multiple',3,NULL,NULL,NULL,1621356662,1621356662,NULL),('/studentms/module-teacher/delete',3,NULL,NULL,NULL,1621356662,1621356662,NULL),('/studentms/module-teacher/index',3,NULL,NULL,NULL,1621356662,1621356662,NULL),('/studentms/module-teacher/update',3,NULL,NULL,NULL,1621356662,1621356662,NULL),('/studentms/module-teacher/view',3,NULL,NULL,NULL,1621356662,1621356662,NULL),('/studentms/student-attendance/*',3,NULL,NULL,NULL,1614172006,1614172006,NULL),('/studentms/student-attendance/bulk-activate',3,NULL,NULL,NULL,1615986394,1615986394,NULL),('/studentms/student-attendance/bulk-deactivate',3,NULL,NULL,NULL,1615986394,1615986394,NULL),('/studentms/student-attendance/bulk-delete',3,NULL,NULL,NULL,1615986394,1615986394,NULL),('/studentms/student-attendance/create',3,NULL,NULL,NULL,1614172006,1614172006,NULL),('/studentms/student-attendance/create-multiple',3,NULL,NULL,NULL,1618653674,1618653674,NULL),('/studentms/student-attendance/delete',3,NULL,NULL,NULL,1614172006,1614172006,NULL),('/studentms/student-attendance/grid-page-size',3,NULL,NULL,NULL,1615986394,1615986394,NULL),('/studentms/student-attendance/grid-sort',3,NULL,NULL,NULL,1615986394,1615986394,NULL),('/studentms/student-attendance/index',3,NULL,NULL,NULL,1614172006,1614172006,NULL),('/studentms/student-attendance/report',3,NULL,NULL,NULL,1618653674,1618653674,NULL),('/studentms/student-attendance/toggle-attribute',3,NULL,NULL,NULL,1615986394,1615986394,NULL),('/studentms/student-attendance/update',3,NULL,NULL,NULL,1614172006,1614172006,NULL),('/studentms/student-attendance/view',3,NULL,NULL,NULL,1614172006,1614172006,NULL),('/studentms/student-fee-payment/*',3,NULL,NULL,NULL,1614172005,1614172005,NULL),('/studentms/student-fee-payment/bulk-activate',3,NULL,NULL,NULL,1615986394,1615986394,NULL),('/studentms/student-fee-payment/bulk-deactivate',3,NULL,NULL,NULL,1615986394,1615986394,NULL),('/studentms/student-fee-payment/bulk-delete',3,NULL,NULL,NULL,1615986394,1615986394,NULL),('/studentms/student-fee-payment/create',3,NULL,NULL,NULL,1614172005,1614172005,NULL),('/studentms/student-fee-payment/delete',3,NULL,NULL,NULL,1614172005,1614172005,NULL),('/studentms/student-fee-payment/grid-page-size',3,NULL,NULL,NULL,1615986394,1615986394,NULL),('/studentms/student-fee-payment/grid-sort',3,NULL,NULL,NULL,1615986394,1615986394,NULL),('/studentms/student-fee-payment/index',3,NULL,NULL,NULL,1614172005,1614172005,NULL),('/studentms/student-fee-payment/toggle-attribute',3,NULL,NULL,NULL,1615986394,1615986394,NULL),('/studentms/student-fee-payment/update',3,NULL,NULL,NULL,1614172005,1614172005,NULL),('/studentms/student-fee-payment/view',3,NULL,NULL,NULL,1614172005,1614172005,NULL),('/studentms/student-fee/*',3,NULL,NULL,NULL,1614172005,1614172005,NULL),('/studentms/student-fee/bulk-activate',3,NULL,NULL,NULL,1615986394,1615986394,NULL),('/studentms/student-fee/bulk-deactivate',3,NULL,NULL,NULL,1615986394,1615986394,NULL),('/studentms/student-fee/bulk-delete',3,NULL,NULL,NULL,1615986394,1615986394,NULL),('/studentms/student-fee/create',3,NULL,NULL,NULL,1614172005,1614172005,NULL),('/studentms/student-fee/delete',3,NULL,NULL,NULL,1614172005,1614172005,NULL),('/studentms/student-fee/grid-page-size',3,NULL,NULL,NULL,1615986394,1615986394,NULL),('/studentms/student-fee/grid-sort',3,NULL,NULL,NULL,1615986394,1615986394,NULL),('/studentms/student-fee/index',3,NULL,NULL,NULL,1614172005,1614172005,NULL),('/studentms/student-fee/toggle-attribute',3,NULL,NULL,NULL,1615986394,1615986394,NULL),('/studentms/student-fee/update',3,NULL,NULL,NULL,1614172005,1614172005,NULL),('/studentms/student-fee/view',3,NULL,NULL,NULL,1614172005,1614172005,NULL),('/studentms/student-information/*',3,NULL,NULL,NULL,1614172004,1614172004,NULL),('/studentms/student-information/bulk-activate',3,NULL,NULL,NULL,1615986394,1615986394,NULL),('/studentms/student-information/bulk-deactivate',3,NULL,NULL,NULL,1615986394,1615986394,NULL),('/studentms/student-information/bulk-delete',3,NULL,NULL,NULL,1615986394,1615986394,NULL),('/studentms/student-information/create',3,NULL,NULL,NULL,1614172004,1614172004,NULL),('/studentms/student-information/delete',3,NULL,NULL,NULL,1614172004,1614172004,NULL),('/studentms/student-information/grid-page-size',3,NULL,NULL,NULL,1615986394,1615986394,NULL),('/studentms/student-information/grid-sort',3,NULL,NULL,NULL,1615986394,1615986394,NULL),('/studentms/student-information/index',3,NULL,NULL,NULL,1614172004,1614172004,NULL),('/studentms/student-information/toggle-attribute',3,NULL,NULL,NULL,1615986394,1615986394,NULL),('/studentms/student-information/update',3,NULL,NULL,NULL,1614172004,1614172004,NULL),('/studentms/student-information/view',3,NULL,NULL,NULL,1614172004,1614172004,NULL),('/studentms/student-level/*',3,NULL,NULL,NULL,1618653674,1618653674,NULL),('/studentms/student-level/create',3,NULL,NULL,NULL,1618653674,1618653674,NULL),('/studentms/student-level/delete',3,NULL,NULL,NULL,1618653674,1618653674,NULL),('/studentms/student-level/index',3,NULL,NULL,NULL,1618653674,1618653674,NULL),('/studentms/student-level/update',3,NULL,NULL,NULL,1618653674,1618653674,NULL),('/studentms/student-level/view',3,NULL,NULL,NULL,1618653674,1618653674,NULL),('/studentms/student-modules/*',3,NULL,NULL,NULL,1614172004,1614172004,NULL),('/studentms/student-modules/bulk-activate',3,NULL,NULL,NULL,1615986394,1615986394,NULL),('/studentms/student-modules/bulk-deactivate',3,NULL,NULL,NULL,1615986394,1615986394,NULL),('/studentms/student-modules/bulk-delete',3,NULL,NULL,NULL,1615986394,1615986394,NULL),('/studentms/student-modules/create',3,NULL,NULL,NULL,1614172004,1614172004,NULL),('/studentms/student-modules/delete',3,NULL,NULL,NULL,1614172004,1614172004,NULL),('/studentms/student-modules/grid-page-size',3,NULL,NULL,NULL,1615986394,1615986394,NULL),('/studentms/student-modules/grid-sort',3,NULL,NULL,NULL,1615986394,1615986394,NULL),('/studentms/student-modules/index',3,NULL,NULL,NULL,1614172004,1614172004,NULL),('/studentms/student-modules/toggle-attribute',3,NULL,NULL,NULL,1615986394,1615986394,NULL),('/studentms/student-modules/update',3,NULL,NULL,NULL,1614172004,1614172004,NULL),('/studentms/student-modules/view',3,NULL,NULL,NULL,1614172004,1614172004,NULL),('/studentms/student/*',3,NULL,NULL,NULL,1614172005,1614172005,NULL),('/studentms/student/attendance',3,NULL,NULL,NULL,1621193341,1621193341,NULL),('/studentms/student/bulk-activate',3,NULL,NULL,NULL,1615986394,1615986394,NULL),('/studentms/student/bulk-deactivate',3,NULL,NULL,NULL,1615986394,1615986394,NULL),('/studentms/student/bulk-delete',3,NULL,NULL,NULL,1615986394,1615986394,NULL),('/studentms/student/create',3,NULL,NULL,NULL,1614172006,1614172006,NULL),('/studentms/student/delete',3,NULL,NULL,NULL,1614172005,1614172005,NULL),('/studentms/student/fee',3,NULL,NULL,NULL,1621193341,1621193341,NULL),('/studentms/student/grid-page-size',3,NULL,NULL,NULL,1615986394,1615986394,NULL),('/studentms/student/grid-sort',3,NULL,NULL,NULL,1615986394,1615986394,NULL),('/studentms/student/index',3,NULL,NULL,NULL,1614172006,1614172006,NULL),('/studentms/student/module-choice',3,NULL,NULL,NULL,1621193341,1621193341,NULL),('/studentms/student/progress',3,NULL,NULL,NULL,1623667943,1623667943,NULL),('/studentms/student/qrcode',3,NULL,NULL,NULL,1618653674,1618653674,NULL),('/studentms/student/timetable',3,NULL,NULL,NULL,1621193341,1621193341,NULL),('/studentms/student/toggle-attribute',3,NULL,NULL,NULL,1615986394,1615986394,NULL),('/studentms/student/update',3,NULL,NULL,NULL,1614172006,1614172006,NULL),('/studentms/student/view',3,NULL,NULL,NULL,1614172006,1614172006,NULL),('/system/*',3,NULL,NULL,NULL,1614172009,1614172009,NULL),('/system/cache/*',3,NULL,NULL,NULL,1614172010,1614172010,NULL),('/system/cache/flush-cache',3,NULL,NULL,NULL,1614172010,1614172010,NULL),('/system/cache/flush-cache-key',3,NULL,NULL,NULL,1614172010,1614172010,NULL),('/system/cache/flush-cache-tag',3,NULL,NULL,NULL,1614172010,1614172010,NULL),('/system/cache/index',3,NULL,NULL,NULL,1614172010,1614172010,NULL),('/system/information/*',3,NULL,NULL,NULL,1614172010,1614172010,NULL),('/system/information/index',3,NULL,NULL,NULL,1614172010,1614172010,NULL),('/system/key-storage/*',3,NULL,NULL,NULL,1614172010,1614172010,NULL),('/system/key-storage/delete',3,NULL,NULL,NULL,1614172010,1614172010,NULL),('/system/key-storage/index',3,NULL,NULL,NULL,1614172010,1614172010,NULL),('/system/key-storage/update',3,NULL,NULL,NULL,1614172010,1614172010,NULL),('/system/log/*',3,NULL,NULL,NULL,1614172009,1614172009,NULL),('/system/log/clear-logs',3,NULL,NULL,NULL,1614172010,1614172010,NULL),('/system/log/delete',3,NULL,NULL,NULL,1614172009,1614172009,NULL),('/system/log/index',3,NULL,NULL,NULL,1614172010,1614172010,NULL),('/system/log/view',3,NULL,NULL,NULL,1614172010,1614172010,NULL),('/system/settings/*',3,NULL,NULL,NULL,1614172009,1614172009,NULL),('/system/settings/index',3,NULL,NULL,NULL,1614172009,1614172009,NULL),('/timeline-event/*',3,NULL,NULL,NULL,1583755073,1583755073,NULL),('/timeline-event/bulk-activate',3,NULL,NULL,NULL,1614172003,1614172003,NULL),('/timeline-event/bulk-deactivate',3,NULL,NULL,NULL,1614172003,1614172003,NULL),('/timeline-event/bulk-delete',3,NULL,NULL,NULL,1614172003,1614172003,NULL),('/timeline-event/create',3,NULL,NULL,NULL,1614172003,1614172003,NULL),('/timeline-event/delete',3,NULL,NULL,NULL,1614172003,1614172003,NULL),('/timeline-event/grid-page-size',3,NULL,NULL,NULL,1614172003,1614172003,NULL),('/timeline-event/grid-sort',3,NULL,NULL,NULL,1614172003,1614172003,NULL),('/timeline-event/index',3,NULL,NULL,NULL,1583755073,1583755073,NULL),('/timeline-event/toggle-attribute',3,NULL,NULL,NULL,1614172003,1614172003,NULL),('/timeline-event/update',3,NULL,NULL,NULL,1614172003,1614172003,NULL),('/timeline-event/view',3,NULL,NULL,NULL,1614172003,1614172003,NULL),('/translation/*',3,NULL,NULL,NULL,1614172009,1614172009,NULL),('/translation/default/*',3,NULL,NULL,NULL,1614172009,1614172009,NULL),('/translation/default/delete',3,NULL,NULL,NULL,1614172009,1614172009,NULL),('/translation/default/index',3,NULL,NULL,NULL,1614172009,1614172009,NULL),('/translation/default/update',3,NULL,NULL,NULL,1614172009,1614172009,NULL),('/user-management/*',3,NULL,NULL,NULL,1517166249,1517166249,NULL),('/user-management/auth-item-group/*',3,NULL,NULL,NULL,1583755081,1583755081,NULL),('/user-management/auth-item-group/bulk-activate',3,NULL,NULL,NULL,1583755081,1583755081,NULL),('/user-management/auth-item-group/bulk-deactivate',3,NULL,NULL,NULL,1583755081,1583755081,NULL),('/user-management/auth-item-group/bulk-delete',3,NULL,NULL,NULL,1583755081,1583755081,NULL),('/user-management/auth-item-group/create',3,NULL,NULL,NULL,1583755081,1583755081,NULL),('/user-management/auth-item-group/delete',3,NULL,NULL,NULL,1583755081,1583755081,NULL),('/user-management/auth-item-group/grid-page-size',3,NULL,NULL,NULL,1583755081,1583755081,NULL),('/user-management/auth-item-group/grid-sort',3,NULL,NULL,NULL,1583755081,1583755081,NULL),('/user-management/auth-item-group/index',3,NULL,NULL,NULL,1583755081,1583755081,NULL),('/user-management/auth-item-group/toggle-attribute',3,NULL,NULL,NULL,1583755081,1583755081,NULL),('/user-management/auth-item-group/update',3,NULL,NULL,NULL,1583755081,1583755081,NULL),('/user-management/auth-item-group/view',3,NULL,NULL,NULL,1583755081,1583755081,NULL),('/user-management/auth/*',3,NULL,NULL,NULL,1583755081,1583755081,NULL),('/user-management/auth/captcha',3,NULL,NULL,NULL,1583755081,1583755081,NULL),('/user-management/auth/change-own-password',3,NULL,NULL,NULL,1517166249,1517166249,NULL),('/user-management/auth/confirm-email',3,NULL,NULL,NULL,1583755081,1583755081,NULL),('/user-management/auth/confirm-email-receive',3,NULL,NULL,NULL,1583755081,1583755081,NULL),('/user-management/auth/confirm-registration-email',3,NULL,NULL,NULL,1583755081,1583755081,NULL),('/user-management/auth/login',3,NULL,NULL,NULL,1583755081,1583755081,NULL),('/user-management/auth/logout',3,NULL,NULL,NULL,1583755081,1583755081,NULL),('/user-management/auth/password-recovery',3,NULL,NULL,NULL,1583755081,1583755081,NULL),('/user-management/auth/password-recovery-receive',3,NULL,NULL,NULL,1583755081,1583755081,NULL),('/user-management/auth/registration',3,NULL,NULL,NULL,1583755081,1583755081,NULL),('/user-management/permission/*',3,NULL,NULL,NULL,1583755080,1583755080,NULL),('/user-management/permission/bulk-activate',3,NULL,NULL,NULL,1583755080,1583755080,NULL),('/user-management/permission/bulk-deactivate',3,NULL,NULL,NULL,1583755080,1583755080,NULL),('/user-management/permission/bulk-delete',3,NULL,NULL,NULL,1583755080,1583755080,NULL),('/user-management/permission/create',3,NULL,NULL,NULL,1583755080,1583755080,NULL),('/user-management/permission/delete',3,NULL,NULL,NULL,1583755080,1583755080,NULL),('/user-management/permission/grid-page-size',3,NULL,NULL,NULL,1583755080,1583755080,NULL),('/user-management/permission/grid-sort',3,NULL,NULL,NULL,1583755080,1583755080,NULL),('/user-management/permission/index',3,NULL,NULL,NULL,1583755080,1583755080,NULL),('/user-management/permission/refresh-routes',3,NULL,NULL,NULL,1583755080,1583755080,NULL),('/user-management/permission/set-child-permissions',3,NULL,NULL,NULL,1583755081,1583755081,NULL),('/user-management/permission/set-child-routes',3,NULL,NULL,NULL,1583755080,1583755080,NULL),('/user-management/permission/toggle-attribute',3,NULL,NULL,NULL,1583755080,1583755080,NULL),('/user-management/permission/update',3,NULL,NULL,NULL,1583755080,1583755080,NULL),('/user-management/permission/view',3,NULL,NULL,NULL,1583755081,1583755081,NULL),('/user-management/role/*',3,NULL,NULL,NULL,1583755079,1583755079,NULL),('/user-management/role/bulk-activate',3,NULL,NULL,NULL,1583755080,1583755080,NULL),('/user-management/role/bulk-deactivate',3,NULL,NULL,NULL,1583755080,1583755080,NULL),('/user-management/role/bulk-delete',3,NULL,NULL,NULL,1583755080,1583755080,NULL),('/user-management/role/create',3,NULL,NULL,NULL,1583755080,1583755080,NULL),('/user-management/role/delete',3,NULL,NULL,NULL,1583755080,1583755080,NULL),('/user-management/role/grid-page-size',3,NULL,NULL,NULL,1583755079,1583755079,NULL),('/user-management/role/grid-sort',3,NULL,NULL,NULL,1583755079,1583755079,NULL),('/user-management/role/index',3,NULL,NULL,NULL,1583755080,1583755080,NULL),('/user-management/role/set-child-permissions',3,NULL,NULL,NULL,1583755080,1583755080,NULL),('/user-management/role/set-child-roles',3,NULL,NULL,NULL,1583755080,1583755080,NULL),('/user-management/role/toggle-attribute',3,NULL,NULL,NULL,1583755080,1583755080,NULL),('/user-management/role/update',3,NULL,NULL,NULL,1583755080,1583755080,NULL),('/user-management/role/view',3,NULL,NULL,NULL,1583755080,1583755080,NULL),('/user-management/user-permission/*',3,NULL,NULL,NULL,1583755079,1583755079,NULL),('/user-management/user-permission/set',3,NULL,NULL,NULL,1517166249,1517166249,NULL),('/user-management/user-permission/set-roles',3,NULL,NULL,NULL,1517166249,1517166249,NULL),('/user-management/user-visit-log/*',3,NULL,NULL,NULL,1583755079,1583755079,NULL),('/user-management/user-visit-log/bulk-activate',3,NULL,NULL,NULL,1583755079,1583755079,NULL),('/user-management/user-visit-log/bulk-deactivate',3,NULL,NULL,NULL,1583755079,1583755079,NULL),('/user-management/user-visit-log/bulk-delete',3,NULL,NULL,NULL,1583755079,1583755079,NULL),('/user-management/user-visit-log/create',3,NULL,NULL,NULL,1583755079,1583755079,NULL),('/user-management/user-visit-log/delete',3,NULL,NULL,NULL,1583755079,1583755079,NULL),('/user-management/user-visit-log/grid-page-size',3,NULL,NULL,NULL,1583755079,1583755079,NULL),('/user-management/user-visit-log/grid-sort',3,NULL,NULL,NULL,1583755079,1583755079,NULL),('/user-management/user-visit-log/index',3,NULL,NULL,NULL,1583755079,1583755079,NULL),('/user-management/user-visit-log/toggle-attribute',3,NULL,NULL,NULL,1583755079,1583755079,NULL),('/user-management/user-visit-log/update',3,NULL,NULL,NULL,1583755079,1583755079,NULL),('/user-management/user-visit-log/view',3,NULL,NULL,NULL,1583755079,1583755079,NULL),('/user-management/user/*',3,NULL,NULL,NULL,1583755081,1583755081,NULL),('/user-management/user/bulk-activate',3,NULL,NULL,NULL,1517166249,1517166249,NULL),('/user-management/user/bulk-deactivate',3,NULL,NULL,NULL,1517166249,1517166249,NULL),('/user-management/user/bulk-delete',3,NULL,NULL,NULL,1517166249,1517166249,NULL),('/user-management/user/change-password',3,NULL,NULL,NULL,1517166249,1517166249,NULL),('/user-management/user/create',3,NULL,NULL,NULL,1517166249,1517166249,NULL),('/user-management/user/delete',3,NULL,NULL,NULL,1517166249,1517166249,NULL),('/user-management/user/grid-page-size',3,NULL,NULL,NULL,1517166249,1517166249,NULL),('/user-management/user/grid-sort',3,NULL,NULL,NULL,1583755081,1583755081,NULL),('/user-management/user/index',3,NULL,NULL,NULL,1517166249,1517166249,NULL),('/user-management/user/toggle-attribute',3,NULL,NULL,NULL,1583755082,1583755082,NULL),('/user-management/user/update',3,NULL,NULL,NULL,1517166249,1517166249,NULL),('/user-management/user/view',3,NULL,NULL,NULL,1517166249,1517166249,NULL),('/user/*',3,NULL,NULL,NULL,1614172002,1614172002,NULL),('/user/create',3,NULL,NULL,NULL,1614172003,1614172003,NULL),('/user/delete',3,NULL,NULL,NULL,1614172002,1614172002,NULL),('/user/index',3,NULL,NULL,NULL,1614172003,1614172003,NULL),('/user/login',3,NULL,NULL,NULL,1614172003,1614172003,NULL),('/user/update',3,NULL,NULL,NULL,1614172002,1614172002,NULL),('/user/view',3,NULL,NULL,NULL,1614172003,1614172003,NULL),('/widget/*',3,NULL,NULL,NULL,1614172011,1614172011,NULL),('/widget/carousel-item/*',3,NULL,NULL,NULL,1614172011,1614172011,NULL),('/widget/carousel-item/create',3,NULL,NULL,NULL,1614172012,1614172012,NULL),('/widget/carousel-item/delete',3,NULL,NULL,NULL,1614172011,1614172011,NULL),('/widget/carousel-item/update',3,NULL,NULL,NULL,1614172012,1614172012,NULL),('/widget/carousel/*',3,NULL,NULL,NULL,1614172012,1614172012,NULL),('/widget/carousel/delete',3,NULL,NULL,NULL,1614172012,1614172012,NULL),('/widget/carousel/index',3,NULL,NULL,NULL,1614172012,1614172012,NULL),('/widget/carousel/update',3,NULL,NULL,NULL,1614172012,1614172012,NULL),('/widget/menu/*',3,NULL,NULL,NULL,1614172011,1614172011,NULL),('/widget/menu/delete',3,NULL,NULL,NULL,1614172011,1614172011,NULL),('/widget/menu/index',3,NULL,NULL,NULL,1614172011,1614172011,NULL),('/widget/menu/update',3,NULL,NULL,NULL,1614172011,1614172011,NULL),('/widget/text/*',3,NULL,NULL,NULL,1614172011,1614172011,NULL),('/widget/text/delete',3,NULL,NULL,NULL,1614172011,1614172011,NULL),('/widget/text/index',3,NULL,NULL,NULL,1614172011,1614172011,NULL),('/widget/text/update',3,NULL,NULL,NULL,1614172011,1614172011,NULL),('accounts-manager',1,'Accounts Manager',NULL,NULL,1614222758,1614222758,NULL),('Admin',1,'Admin',NULL,NULL,1517166249,1517166249,NULL),('admission-application',2,'admission-application',NULL,NULL,1614221878,1614221878,'manage-application'),('application-manager',1,'Application Manager',NULL,NULL,1614222809,1614222809,NULL),('approve-results',2,'Approve results',NULL,NULL,1625738546,1625738546,'assessment-management'),('assignRolesToUsers',2,'Assign roles to users',NULL,NULL,1517166249,1517166249,'userManagement'),('basic',2,'Basic with timeline',NULL,NULL,1583765907,1583838394,'basic'),('bindUserToIp',2,'Bind user to IP',NULL,NULL,1517166249,1517166249,'userManagement'),('changeOwnPassword',2,'Change own password',NULL,NULL,1517166249,1517166249,'userCommonPermissions'),('changeUserPassword',2,'Change user password',NULL,NULL,1517166249,1517166249,'userManagement'),('commonPermission',2,'Common permission',NULL,NULL,1517166244,1517166244,NULL),('createUsers',2,'Create users',NULL,NULL,1517166249,1517166249,'userManagement'),('dashboard-reports',2,'Dashboard and Reports',NULL,NULL,1621263614,1621263614,'general-management'),('deleteUsers',2,'Delete users',NULL,NULL,1517166249,1517166249,'userManagement'),('editUserEmail',2,'Edit user email',NULL,NULL,1517166249,1517166249,'userManagement'),('editUsers',2,'Edit users',NULL,NULL,1517166249,1517166249,'userManagement'),('general-manager',1,'General Manager',NULL,NULL,1614222850,1614222850,NULL),('general-operations',2,'General Operations',NULL,NULL,1614223000,1614223000,'general-management'),('manage-assessment',2,'Manage Assessment',NULL,NULL,1619748055,1619748055,'assessment-management'),('manage-assessment-result',2,'Manage Assessment Result',NULL,NULL,1619748106,1619748106,'assessment-management'),('manage-fee-n-payments',2,'Manage Fee and Payments',NULL,NULL,1614222335,1614222335,'accounts-n-collections'),('manage-intake',2,'Manage Intake',NULL,NULL,1614223203,1614223203,'manage-application'),('manage-student',2,'Manage Student',NULL,NULL,1614222112,1614222112,'manage-students'),('manage-student-modules',2,'Manage Student Modules',NULL,NULL,1625306687,1625306687,'general-management'),('manage-teacher-module',2,'Manage Teacher Module',NULL,NULL,1621356652,1621356652,'general-management'),('mark-student-attendance',2,'Mark Student Attendance',NULL,NULL,1618653641,1618653641,'general-management'),('perform-student-operation',2,'Perform Student Operation',NULL,NULL,1621193419,1621193419,'student-permission'),('student-admin',1,'Student Admin',NULL,NULL,1583753036,1614220818,NULL),('student-manager',1,'Student Manager',NULL,NULL,1614222716,1614222716,NULL),('student-module-choice',2,'Student Module Choice',NULL,NULL,1621193332,1621193332,'student-permission'),('student-profile',2,'Student Profile',NULL,NULL,1621193555,1621193555,'student-permission'),('teacher',1,'Teacher',NULL,NULL,1615986183,1615986183,NULL),('user',1,'User',NULL,NULL,1583753147,1615986162,NULL),('view-assessment',2,'View Assessment',NULL,NULL,1619748243,1619748243,'assessment-management'),('view-assessment-result',2,'View Assessment Result',NULL,NULL,1619748273,1619748273,'assessment-management'),('ViewProfile',2,'View Profile',NULL,NULL,1585020504,1585020504,NULL),('viewRegistrationIp',2,'View registration IP',NULL,NULL,1517166249,1517166249,'userManagement'),('viewUserEmail',2,'View user email',NULL,NULL,1517166249,1517166249,'userManagement'),('viewUserRoles',2,'View user roles',NULL,NULL,1517166249,1517166249,'userManagement'),('viewUsers',2,'View users',NULL,NULL,1517166249,1517166249,'userManagement'),('viewVisitLog',2,'View visit log',NULL,NULL,1517166249,1517166249,'userManagement');

/*Table structure for table `rbac_auth_item_child` */

DROP TABLE IF EXISTS `rbac_auth_item_child`;

CREATE TABLE `rbac_auth_item_child` (
  `parent` varchar(64) NOT NULL,
  `child` varchar(64) NOT NULL,
  PRIMARY KEY (`parent`,`child`),
  KEY `child` (`child`)
) ENGINE=InnoDB DEFAULT CHARSET=utf8;

/*Data for the table `rbac_auth_item_child` */

insert  into `rbac_auth_item_child`(`parent`,`child`) values ('accounts-manager','basic'),('accounts-manager','manage-fee-n-payments'),('Admin','assignRolesToUsers'),('Admin','changeOwnPassword'),('Admin','changeUserPassword'),('Admin','createUsers'),('Admin','deleteUsers'),('Admin','editUsers'),('Admin','viewUsers'),('admission-application','/dashboard/application-reports'),('admission-application','/studentms/admission-application/create'),('admission-application','/studentms/admission-application/index'),('admission-application','/studentms/admission-application/update'),('admission-application','/studentms/admission-application/view'),('admission-application','/studentms/application-detail/create'),('admission-application','/studentms/application-detail/index'),('admission-application','/studentms/application-detail/update'),('admission-application','/studentms/application-detail/view'),('application-manager','admission-application'),('application-manager','basic'),('approve-results','/assessmentms/assessment-result/approve-student-result'),('approve-results','/assessmentms/assessment-result/index'),('approve-results','/assessmentms/assessment-result/view'),('assignRolesToUsers','/user-management/user-permission/set'),('assignRolesToUsers','/user-management/user-permission/set-roles'),('basic','/sign-in/account'),('basic','/sign-in/avatar-delete'),('basic','/sign-in/avatar-upload'),('basic','/sign-in/logout'),('basic','/sign-in/profile'),('basic','/studentms/course-type/index'),('basic','/studentms/course/index'),('basic','/studentms/course/view'),('basic','/studentms/module-detail/index'),('basic','/studentms/module-detail/view'),('basic','/timeline-event/index'),('changeOwnPassword','/user-management/auth/change-own-password'),('changeUserPassword','/user-management/user/change-password'),('createUsers','/user-management/user/create'),('dashboard-reports','/dashboard/*'),('dashboard-reports','/dashboard/application-reports'),('dashboard-reports','/dashboard/data-reports'),('dashboard-reports','/dashboard/index'),('deleteUsers','/user-management/user/bulk-delete'),('deleteUsers','/user-management/user/delete'),('editUsers','/user-management/user/bulk-activate'),('editUsers','/user-management/user/bulk-deactivate'),('editUsers','/user-management/user/update'),('general-manager','accounts-manager'),('general-manager','application-manager'),('general-manager','approve-results'),('general-manager','assignRolesToUsers'),('general-manager','changeOwnPassword'),('general-manager','createUsers'),('general-manager','general-operations'),('general-manager','manage-assessment'),('general-manager','manage-assessment-result'),('general-manager','manage-intake'),('general-manager','manage-student-modules'),('general-manager','manage-teacher-module'),('general-manager','mark-student-attendance'),('general-manager','student-manager'),('general-manager','ViewProfile'),('general-manager','viewUserRoles'),('general-manager','viewUsers'),('general-operations','/content/article/create'),('general-operations','/content/article/index'),('general-operations','/content/article/update'),('general-operations','/content/category/index'),('general-operations','/content/category/update'),('general-operations','/content/page/create'),('general-operations','/content/page/index'),('general-operations','/content/page/update'),('general-operations','/dashboard/data-reports'),('general-operations','/studentms/course-modules/create'),('general-operations','/studentms/course-modules/index'),('general-operations','/studentms/course-modules/view'),('general-operations','/studentms/course-type/create'),('general-operations','/studentms/course-type/index'),('general-operations','/studentms/course-type/update'),('general-operations','/studentms/course-type/view'),('general-operations','/studentms/course/create'),('general-operations','/studentms/course/index'),('general-operations','/studentms/course/update'),('general-operations','/studentms/course/view'),('general-operations','/studentms/module-detail/create'),('general-operations','/studentms/module-detail/index'),('general-operations','/studentms/module-detail/update'),('general-operations','/studentms/module-detail/view'),('manage-assessment','/assessmentms/assessment-result/create'),('manage-assessment','/assessmentms/assessment-result/create-multiple'),('manage-assessment','/assessmentms/assessment-result/index'),('manage-assessment','/assessmentms/assessment-result/report'),('manage-assessment','/assessmentms/assessment-result/update'),('manage-assessment','/assessmentms/assessment-result/view'),('manage-assessment','/assessmentms/assessment/create'),('manage-assessment','/assessmentms/assessment/index'),('manage-assessment','/assessmentms/assessment/update'),('manage-assessment','/assessmentms/assessment/view'),('manage-assessment-result','/assessmentms/assessment-result/create'),('manage-assessment-result','/assessmentms/assessment-result/create-multiple'),('manage-assessment-result','/assessmentms/assessment-result/index'),('manage-assessment-result','/assessmentms/assessment-result/report'),('manage-assessment-result','/assessmentms/assessment-result/update'),('manage-assessment-result','/assessmentms/assessment-result/view'),('manage-fee-n-payments','/studentms/enrollment/index'),('manage-fee-n-payments','/studentms/intake/index'),('manage-fee-n-payments','/studentms/student-fee-payment/create'),('manage-fee-n-payments','/studentms/student-fee-payment/index'),('manage-fee-n-payments','/studentms/student-fee-payment/update'),('manage-fee-n-payments','/studentms/student-fee-payment/view'),('manage-fee-n-payments','/studentms/student-fee/create'),('manage-fee-n-payments','/studentms/student-fee/index'),('manage-fee-n-payments','/studentms/student-fee/update'),('manage-fee-n-payments','/studentms/student-fee/view'),('manage-intake','/studentms/intake/create'),('manage-intake','/studentms/intake/index'),('manage-intake','/studentms/intake/update'),('manage-intake','/studentms/intake/view'),('manage-student','/studentms/admission-application/index'),('manage-student','/studentms/admission-application/view'),('manage-student','/studentms/course-modules/index'),('manage-student','/studentms/course-modules/view'),('manage-student','/studentms/enrollment/create'),('manage-student','/studentms/enrollment/index'),('manage-student','/studentms/enrollment/update'),('manage-student','/studentms/enrollment/view'),('manage-student','/studentms/student-attendance/index'),('manage-student','/studentms/student-attendance/view'),('manage-student','/studentms/student-information/create'),('manage-student','/studentms/student-information/index'),('manage-student','/studentms/student-information/update'),('manage-student','/studentms/student-information/view'),('manage-student','/studentms/student-modules/index'),('manage-student','/studentms/student-modules/view'),('manage-student','/studentms/student/create'),('manage-student','/studentms/student/index'),('manage-student','/studentms/student/update'),('manage-student','/studentms/student/view'),('manage-student-modules','/studentms/student-modules/create'),('manage-student-modules','/studentms/student-modules/index'),('manage-student-modules','/studentms/student-modules/update'),('manage-student-modules','/studentms/student-modules/view'),('manage-teacher-module','/studentms/module-teacher/create'),('manage-teacher-module','/studentms/module-teacher/create-multiple'),('manage-teacher-module','/studentms/module-teacher/index'),('manage-teacher-module','/studentms/module-teacher/update'),('manage-teacher-module','/studentms/module-teacher/view'),('mark-student-attendance','/studentms/student-attendance/create'),('mark-student-attendance','/studentms/student-attendance/create-multiple'),('mark-student-attendance','/studentms/student-attendance/index'),('mark-student-attendance','/studentms/student-attendance/report'),('mark-student-attendance','/studentms/student-attendance/view'),('perform-student-operation','/studentms/student/attendance'),('perform-student-operation','/studentms/student/fee'),('perform-student-operation','/studentms/student/timetable'),('student-admin','accounts-manager'),('student-admin','application-manager'),('student-admin','assignRolesToUsers'),('student-admin','basic'),('student-admin','changeOwnPassword'),('student-admin','changeUserPassword'),('student-admin','createUsers'),('student-admin','dashboard-reports'),('student-admin','editUserEmail'),('student-admin','editUsers'),('student-admin','general-manager'),('student-admin','manage-assessment'),('student-admin','manage-assessment-result'),('student-admin','manage-intake'),('student-admin','manage-teacher-module'),('student-admin','mark-student-attendance'),('student-admin','student-manager'),('student-admin','user'),('student-admin','view-assessment'),('student-admin','view-assessment-result'),('student-admin','viewUserEmail'),('student-admin','viewUserRoles'),('student-admin','viewUsers'),('student-admin','viewVisitLog'),('student-manager','basic'),('student-manager','manage-student'),('student-module-choice','/studentms/student/module-choice'),('student-profile','/article/attachment-download'),('student-profile','/article/index'),('student-profile','/article/view'),('student-profile','/studentms/student/progress'),('student-profile','/studentms/student/view'),('teacher','basic'),('teacher','manage-assessment'),('teacher','manage-assessment-result'),('teacher','mark-student-attendance'),('teacher','user'),('teacher','view-assessment'),('teacher','view-assessment-result'),('user','changeOwnPassword'),('user','perform-student-operation'),('user','student-module-choice'),('user','student-profile'),('view-assessment','/assessmentms/assessment/index'),('view-assessment','/assessmentms/assessment/view'),('view-assessment-result','/assessmentms/assessment-result/create'),('view-assessment-result','/assessmentms/assessment-result/create-multiple'),('view-assessment-result','/assessmentms/assessment-result/index'),('view-assessment-result','/assessmentms/assessment-result/report'),('view-assessment-result','/assessmentms/assessment-result/update'),('view-assessment-result','/assessmentms/assessment-result/view'),('viewUsers','/user-management/user/grid-page-size'),('viewUsers','/user-management/user/index'),('viewUsers','/user-management/user/view');

/*Table structure for table `rbac_auth_item_group` */

DROP TABLE IF EXISTS `rbac_auth_item_group`;

CREATE TABLE `rbac_auth_item_group` (
  `code` varchar(64) NOT NULL,
  `name` varchar(255) NOT NULL,
  `created_at` int(11) DEFAULT NULL,
  `updated_at` int(11) DEFAULT NULL,
  PRIMARY KEY (`code`)
) ENGINE=InnoDB DEFAULT CHARSET=utf8;

/*Data for the table `rbac_auth_item_group` */

insert  into `rbac_auth_item_group`(`code`,`name`,`created_at`,`updated_at`) values ('accounts-n-collections','Accounts and Collections',1614221425,1614221425),('assessment-management','Assessment Management',1619748005,1619748005),('basic','Basic',1583765870,1583765870),('general-management','General Management',1614221971,1614221971),('manage-application','Manage Application',1614221013,1614221013),('manage-students','Manage Students',1614221481,1614221481),('student-permission','Student Permission',1621193268,1621193268);

/*Table structure for table `rbac_auth_rule` */

DROP TABLE IF EXISTS `rbac_auth_rule`;

CREATE TABLE `rbac_auth_rule` (
  `name` varchar(64) COLLATE utf8_unicode_ci NOT NULL,
  `data` blob DEFAULT NULL,
  `created_at` int(11) DEFAULT NULL,
  `updated_at` int(11) DEFAULT NULL,
  PRIMARY KEY (`name`)
) ENGINE=InnoDB DEFAULT CHARSET=utf8 COLLATE=utf8_unicode_ci;

/*Data for the table `rbac_auth_rule` */

insert  into `rbac_auth_rule`(`name`,`data`,`created_at`,`updated_at`) values ('ownModelRule','O:29:\"common\\rbac\\rule\\OwnModelRule\":3:{s:4:\"name\";s:12:\"ownModelRule\";s:9:\"createdAt\";i:1517166195;s:9:\"updatedAt\";i:1517166195;}',1517166195,1517166195);

/*Table structure for table `system_db_migration` */

DROP TABLE IF EXISTS `system_db_migration`;

CREATE TABLE `system_db_migration` (
  `version` varchar(180) NOT NULL,
  `apply_time` int(11) DEFAULT NULL,
  PRIMARY KEY (`version`)
) ENGINE=InnoDB DEFAULT CHARSET=latin1;

/*Data for the table `system_db_migration` */

insert  into `system_db_migration`(`version`,`apply_time`) values ('m000000_000000_base',1613295112),('m140703_123000_user',1613295118),('m140703_123055_log',1613295120),('m140703_123104_page',1613295121),('m140703_123803_article',1613295132),('m140703_123813_rbac',1613295138),('m140709_173306_widget_menu',1613295143),('m140709_173333_widget_text',1613295144),('m140712_123329_widget_carousel',1613295146),('m140805_084745_key_storage_item',1613295149),('m141012_101932_i18n_tables',1613295153),('m150318_213934_file_storage_item',1613295155),('m150414_195800_timeline_event',1613295157),('m150725_192740_seed_data',1613295162),('m150929_074021_article_attachment_order',1613295164),('m160203_095604_user_token',1613295165),('m190130_155645_add_article_slug_index',1613295174);

/*Table structure for table `system_log` */

DROP TABLE IF EXISTS `system_log`;

CREATE TABLE `system_log` (
  `id` bigint(20) NOT NULL AUTO_INCREMENT,
  `level` int(11) DEFAULT NULL,
  `category` varchar(255) COLLATE utf8_unicode_ci DEFAULT NULL,
  `log_time` double DEFAULT NULL,
  `prefix` text COLLATE utf8_unicode_ci DEFAULT NULL,
  `message` text COLLATE utf8_unicode_ci DEFAULT NULL,
  PRIMARY KEY (`id`),
  KEY `idx_log_level` (`level`),
  KEY `idx_log_category` (`category`)
) ENGINE=InnoDB DEFAULT CHARSET=utf8 COLLATE=utf8_unicode_ci;

/*Data for the table `system_log` */

/*Table structure for table `system_rbac_migration` */

DROP TABLE IF EXISTS `system_rbac_migration`;

CREATE TABLE `system_rbac_migration` (
  `version` varchar(180) NOT NULL,
  `apply_time` int(11) DEFAULT NULL,
  PRIMARY KEY (`version`)
) ENGINE=InnoDB DEFAULT CHARSET=latin1;

/*Data for the table `system_rbac_migration` */

insert  into `system_rbac_migration`(`version`,`apply_time`) values ('m000000_000000_base',1613295175),('m150625_214101_roles',1613295191),('m150625_215624_init_permissions',1613295191),('m151223_074604_edit_own_model',1613295192);

/*Table structure for table `timeline_event` */

DROP TABLE IF EXISTS `timeline_event`;

CREATE TABLE `timeline_event` (
  `id` int(11) NOT NULL AUTO_INCREMENT,
  `application` varchar(64) NOT NULL,
  `category` varchar(64) NOT NULL,
  `event` varchar(64) NOT NULL,
  `data` text DEFAULT NULL,
  `created_at` int(11) NOT NULL,
  PRIMARY KEY (`id`),
  KEY `idx_created_at` (`created_at`)
) ENGINE=InnoDB AUTO_INCREMENT=4 DEFAULT CHARSET=latin1;

/*Data for the table `timeline_event` */

insert  into `timeline_event`(`id`,`application`,`category`,`event`,`data`,`created_at`) values (1,'frontend','user','signup','{\"public_identity\":\"webmaster\",\"user_id\":1,\"created_at\":1613295157}',1613295157),(2,'frontend','user','signup','{\"public_identity\":\"manager\",\"user_id\":2,\"created_at\":1613295157}',1613295157),(3,'frontend','user','signup','{\"public_identity\":\"user\",\"user_id\":3,\"created_at\":1613295157}',1613295157);

/*Table structure for table `user` */

DROP TABLE IF EXISTS `user`;

CREATE TABLE `user` (
  `id` int(11) NOT NULL AUTO_INCREMENT,
  `company_id` int(11) DEFAULT NULL,
  `branch_id` int(11) DEFAULT NULL,
  `username` varchar(255) NOT NULL,
  `auth_key` varchar(32) NOT NULL,
  `password_hash` varchar(255) NOT NULL,
  `confirmation_token` varchar(255) DEFAULT NULL,
  `status` int(11) NOT NULL DEFAULT 1,
  `superadmin` smallint(6) DEFAULT 0,
  `created_at` int(11) NOT NULL,
  `updated_at` int(11) NOT NULL,
  `registration_ip` varchar(15) DEFAULT NULL,
  `bind_to_ip` varchar(255) DEFAULT NULL,
  `email` varchar(128) DEFAULT NULL,
  `email_confirmed` smallint(1) NOT NULL DEFAULT 0,
  PRIMARY KEY (`id`)
) ENGINE=InnoDB AUTO_INCREMENT=98 DEFAULT CHARSET=utf8;

/*Data for the table `user` */

insert  into `user`(`id`,`company_id`,`branch_id`,`username`,`auth_key`,`password_hash`,`confirmation_token`,`status`,`superadmin`,`created_at`,`updated_at`,`registration_ip`,`bind_to_ip`,`email`,`email_confirmed`) values (1,0,NULL,'superadmin','PJI9e37BL7udNgEh08dJI4oFGAA_M5dF','$2y$13$jYkfM4ihgD/xpOefQWetrueLdJB8tsku/TFH5zUw2fi9nVSXQjaSi',NULL,1,1,1517166244,1625125228,NULL,'','jawwad.software@gmail.com',0),(5,20,NULL,'dealer@testb','Zdlr78E1S6OMFNM909DcKds8EQ7gbqHu','$2y$13$y1uoMnM.wmVcAN1B2dWbUeDKSSBMelV3qy3ba5DRzU8Yf7Ab0kkji',NULL,0,0,1583924948,1589357999,'127.0.0.1','','',0),(6,20,NULL,'pm@testb','3J0BVprbxOKhQfnUUdk366PeK7Db-rC4','$2y$13$Mi/GzbJjpqTnmS31WjN4c.ndzBQ.dpgir6qcF7Bul7S7hmapzNd1a',NULL,0,0,1583924979,1583924980,'127.0.0.1','','',0),(95,NULL,NULL,'test@app','QVhrzOZGETBICG6GiAh8xvZbq8GuIARz','$2y$13$98oBeHebBE0SmntZr1EsWu2e7ro8YK1yywZvxrTO6ziJplb2TnEHi',NULL,1,0,1683717537,1683717537,'127.0.0.1','','',0),(96,NULL,NULL,'student@app','P8ZfpxZEZsQuxPvXbnYj2oTG8_vmw5pZ','$2y$13$sMyQWNd7xjysnw6ErQAwcuN9pG.ybDdYq9OEEuSJ1ZpuWvl4167Tq',NULL,1,0,1683717645,1683717645,'127.0.0.1','','',0),(97,NULL,NULL,'studentone@app','JtxsfSaWDbM8cORBRE3noj8BfTvdWUNd','$2y$13$yL.d6gCtU1QgSujDf9hHjO2N7O4zuk3qKvbCGcWvtIaIRdxCpRg8q',NULL,1,0,1683717673,1683717673,'127.0.0.1','','',0);

/*Table structure for table `user_profile` */

DROP TABLE IF EXISTS `user_profile`;

CREATE TABLE `user_profile` (
  `user_id` int(11) NOT NULL AUTO_INCREMENT,
  `full_name` varchar(255) COLLATE utf8_unicode_ci DEFAULT NULL,
  `firstname` varchar(255) COLLATE utf8_unicode_ci DEFAULT NULL,
  `middlename` varchar(255) COLLATE utf8_unicode_ci DEFAULT NULL,
  `lastname` varchar(255) COLLATE utf8_unicode_ci DEFAULT NULL,
  `surname` varchar(255) COLLATE utf8_unicode_ci DEFAULT NULL,
  `father_name` varchar(50) COLLATE utf8_unicode_ci DEFAULT NULL,
  `mother_name` varchar(50) COLLATE utf8_unicode_ci DEFAULT NULL,
  `email_alternate` varchar(50) COLLATE utf8_unicode_ci DEFAULT NULL,
  `date_of_birth` date DEFAULT NULL,
  `CNIC` varchar(15) COLLATE utf8_unicode_ci DEFAULT NULL,
  `nationality` varchar(15) COLLATE utf8_unicode_ci DEFAULT NULL,
  `passport_number` varchar(15) COLLATE utf8_unicode_ci DEFAULT NULL,
  `domicile` varchar(15) COLLATE utf8_unicode_ci DEFAULT NULL,
  `address` text COLLATE utf8_unicode_ci DEFAULT NULL,
  `qualification` varchar(15) COLLATE utf8_unicode_ci DEFAULT NULL,
  `profession` varchar(15) COLLATE utf8_unicode_ci DEFAULT NULL,
  `job_title` varchar(15) COLLATE utf8_unicode_ci DEFAULT NULL,
  `join_date` date DEFAULT NULL,
  `last_date` date DEFAULT NULL,
  `is_working` varchar(15) COLLATE utf8_unicode_ci DEFAULT NULL,
  `disablity` varchar(15) COLLATE utf8_unicode_ci DEFAULT NULL,
  `medical_concern` varchar(255) COLLATE utf8_unicode_ci DEFAULT NULL,
  `social_activity` varchar(255) COLLATE utf8_unicode_ci DEFAULT NULL,
  `languages` varchar(255) COLLATE utf8_unicode_ci DEFAULT NULL,
  `emergency_contact` varchar(255) COLLATE utf8_unicode_ci DEFAULT NULL,
  `phone` varchar(15) COLLATE utf8_unicode_ci DEFAULT NULL,
  `support_in` varchar(255) COLLATE utf8_unicode_ci DEFAULT NULL,
  `visit_abroad` varchar(15) COLLATE utf8_unicode_ci DEFAULT NULL,
  `work_at` varchar(15) COLLATE utf8_unicode_ci DEFAULT NULL,
  `cell_number` varchar(255) COLLATE utf8_unicode_ci DEFAULT NULL,
  `information` text COLLATE utf8_unicode_ci DEFAULT NULL,
  `avatar_path` varchar(255) COLLATE utf8_unicode_ci DEFAULT NULL,
  `avatar_base_url` varchar(255) COLLATE utf8_unicode_ci DEFAULT NULL,
  `locale` varchar(32) COLLATE utf8_unicode_ci NOT NULL DEFAULT 'en-US',
  `gender` smallint(1) DEFAULT NULL,
  `whatsapp` varchar(25) COLLATE utf8_unicode_ci DEFAULT NULL,
  `created_at` int(11) DEFAULT NULL,
  `updated_at` int(11) DEFAULT NULL,
  PRIMARY KEY (`user_id`)
) ENGINE=InnoDB AUTO_INCREMENT=98 DEFAULT CHARSET=utf8 COLLATE=utf8_unicode_ci;

/*Data for the table `user_profile` */

insert  into `user_profile`(`user_id`,`full_name`,`firstname`,`middlename`,`lastname`,`surname`,`father_name`,`mother_name`,`email_alternate`,`date_of_birth`,`CNIC`,`nationality`,`passport_number`,`domicile`,`address`,`qualification`,`profession`,`job_title`,`join_date`,`last_date`,`is_working`,`disablity`,`medical_concern`,`social_activity`,`languages`,`emergency_contact`,`phone`,`support_in`,`visit_abroad`,`work_at`,`cell_number`,`information`,`avatar_path`,`avatar_base_url`,`locale`,`gender`,`whatsapp`,`created_at`,`updated_at`) values (5,'dealer@testb',NULL,NULL,NULL,'deal',NULL,NULL,NULL,NULL,NULL,NULL,NULL,NULL,NULL,NULL,NULL,NULL,NULL,NULL,NULL,NULL,NULL,NULL,NULL,NULL,NULL,NULL,NULL,NULL,NULL,NULL,NULL,NULL,'en-US',NULL,NULL,NULL,NULL),(6,'pm@testb',NULL,NULL,NULL,NULL,NULL,NULL,NULL,NULL,NULL,NULL,NULL,NULL,NULL,NULL,NULL,NULL,NULL,NULL,NULL,NULL,NULL,NULL,NULL,NULL,NULL,NULL,NULL,NULL,NULL,NULL,NULL,NULL,'en-US',NULL,NULL,NULL,NULL),(9,'Admin','Admin','at','MIHE',NULL,NULL,NULL,NULL,NULL,NULL,NULL,NULL,NULL,NULL,NULL,NULL,NULL,NULL,NULL,NULL,NULL,NULL,NULL,NULL,NULL,NULL,NULL,NULL,NULL,NULL,NULL,NULL,NULL,'en-US',NULL,NULL,NULL,NULL),(12,'teacherone@mihe.com',NULL,NULL,NULL,NULL,NULL,NULL,NULL,NULL,NULL,NULL,NULL,NULL,NULL,NULL,NULL,NULL,NULL,NULL,NULL,NULL,NULL,NULL,NULL,NULL,NULL,NULL,NULL,NULL,NULL,NULL,NULL,NULL,'en-US',NULL,NULL,NULL,NULL),(13,'account@reviewer',NULL,NULL,NULL,NULL,NULL,NULL,NULL,NULL,NULL,NULL,NULL,NULL,NULL,NULL,NULL,NULL,NULL,NULL,NULL,NULL,NULL,NULL,NULL,NULL,NULL,NULL,NULL,NULL,NULL,NULL,NULL,NULL,'en-US',NULL,NULL,NULL,NULL),(14,'student@mihe',NULL,NULL,NULL,NULL,NULL,NULL,NULL,NULL,NULL,NULL,NULL,NULL,NULL,NULL,NULL,NULL,NULL,NULL,NULL,NULL,NULL,NULL,NULL,NULL,NULL,NULL,NULL,NULL,NULL,NULL,NULL,NULL,'en-US',NULL,NULL,NULL,NULL),(17,'zeeteacher@mihe',NULL,NULL,NULL,NULL,NULL,NULL,NULL,NULL,NULL,NULL,NULL,NULL,NULL,NULL,NULL,NULL,NULL,NULL,NULL,NULL,NULL,NULL,NULL,NULL,NULL,NULL,NULL,NULL,NULL,NULL,NULL,NULL,'en-US',NULL,NULL,NULL,NULL),(23,'zahidp@mihestudents',NULL,NULL,NULL,NULL,NULL,NULL,NULL,NULL,NULL,NULL,NULL,NULL,NULL,NULL,NULL,NULL,NULL,NULL,NULL,NULL,NULL,NULL,NULL,NULL,NULL,NULL,NULL,NULL,NULL,NULL,NULL,NULL,'en-US',NULL,NULL,NULL,NULL),(26,'Benjamin@mihe',NULL,NULL,NULL,NULL,NULL,NULL,NULL,NULL,NULL,NULL,NULL,NULL,NULL,NULL,NULL,NULL,NULL,NULL,NULL,NULL,NULL,NULL,NULL,NULL,NULL,NULL,NULL,NULL,NULL,NULL,NULL,NULL,'en-US',NULL,NULL,NULL,NULL),(27,'Shahama@mihe',NULL,NULL,NULL,NULL,NULL,NULL,NULL,NULL,NULL,NULL,NULL,NULL,NULL,NULL,NULL,NULL,NULL,NULL,NULL,NULL,NULL,NULL,NULL,NULL,NULL,NULL,NULL,NULL,NULL,NULL,NULL,NULL,'en-US',NULL,NULL,NULL,NULL),(28,'manager@mihe',NULL,NULL,NULL,NULL,NULL,NULL,NULL,NULL,NULL,NULL,NULL,NULL,NULL,NULL,NULL,NULL,NULL,NULL,NULL,NULL,NULL,NULL,NULL,NULL,NULL,NULL,NULL,NULL,NULL,NULL,NULL,NULL,'en-US',NULL,NULL,NULL,NULL),(71,'teachermihe@tk',NULL,NULL,NULL,NULL,NULL,NULL,NULL,NULL,NULL,NULL,NULL,NULL,NULL,NULL,NULL,NULL,NULL,NULL,NULL,NULL,NULL,NULL,NULL,NULL,NULL,NULL,NULL,NULL,NULL,NULL,NULL,NULL,'en-US',NULL,NULL,NULL,NULL),(72,'newtest@mihe',NULL,NULL,NULL,NULL,NULL,NULL,NULL,NULL,NULL,NULL,NULL,NULL,NULL,NULL,NULL,NULL,NULL,NULL,NULL,NULL,NULL,NULL,NULL,NULL,NULL,NULL,NULL,NULL,NULL,NULL,NULL,NULL,'en-US',NULL,NULL,NULL,NULL),(73,'newtest2',NULL,NULL,NULL,NULL,NULL,NULL,NULL,NULL,NULL,NULL,NULL,NULL,NULL,NULL,NULL,NULL,NULL,NULL,NULL,NULL,NULL,NULL,NULL,NULL,NULL,NULL,NULL,NULL,NULL,NULL,NULL,NULL,'en-US',NULL,NULL,NULL,NULL),(97,'studentone@app',NULL,NULL,NULL,NULL,NULL,NULL,NULL,NULL,NULL,NULL,NULL,NULL,NULL,NULL,NULL,NULL,NULL,NULL,NULL,NULL,NULL,NULL,NULL,NULL,NULL,NULL,NULL,NULL,NULL,NULL,NULL,NULL,'en-US',NULL,NULL,NULL,NULL);

/*Table structure for table `user_token` */

DROP TABLE IF EXISTS `user_token`;

CREATE TABLE `user_token` (
  `id` int(11) NOT NULL AUTO_INCREMENT,
  `user_id` int(11) NOT NULL,
  `type` varchar(255) NOT NULL,
  `token` varchar(40) NOT NULL,
  `expire_at` int(11) DEFAULT NULL,
  `created_at` int(11) DEFAULT NULL,
  `updated_at` int(11) DEFAULT NULL,
  PRIMARY KEY (`id`)
) ENGINE=InnoDB DEFAULT CHARSET=latin1;

/*Data for the table `user_token` */

/*Table structure for table `user_visit_log` */

DROP TABLE IF EXISTS `user_visit_log`;

CREATE TABLE `user_visit_log` (
  `id` int(11) NOT NULL AUTO_INCREMENT,
  `token` varchar(255) NOT NULL,
  `ip` varchar(15) NOT NULL,
  `language` char(2) NOT NULL,
  `user_agent` varchar(255) NOT NULL,
  `user_id` int(11) DEFAULT NULL,
  `visit_time` int(11) NOT NULL,
  `browser` varchar(30) DEFAULT NULL,
  `os` varchar(20) DEFAULT NULL,
  PRIMARY KEY (`id`),
  KEY `user_id` (`user_id`)
) ENGINE=InnoDB AUTO_INCREMENT=533 DEFAULT CHARSET=utf8;

/*Data for the table `user_visit_log` */

insert  into `user_visit_log`(`id`,`token`,`ip`,`language`,`user_agent`,`user_id`,`visit_time`,`browser`,`os`) values (119,'6032a346618f6','127.0.0.1','en','Mozilla/5.0 (Windows NT 6.1; Win64; x64) AppleWebKit/537.36 (KHTML, like Gecko) Chrome/88.0.4324.182 Safari/537.36',1,1613931334,'Chrome','Windows'),(120,'6037618a8ea4b','127.0.0.1','en','Mozilla/5.0 (Windows NT 6.1; Win64; x64) AppleWebKit/537.36 (KHTML, like Gecko) Chrome/88.0.4324.182 Safari/537.36',1,1614242186,'Chrome','Windows'),(121,'60377b7ddfb14','127.0.0.1','en','Mozilla/5.0 (Windows NT 6.1; Win64; x64) AppleWebKit/537.36 (KHTML, like Gecko) Chrome/88.0.4324.182 Safari/537.36',1,1614248829,'Chrome','Windows'),(122,'6037f5ed1f7cd','127.0.0.1','en','Mozilla/5.0 (Windows NT 6.1; Win64; x64) AppleWebKit/537.36 (KHTML, like Gecko) Chrome/88.0.4324.182 Safari/537.36',1,1614280173,'Chrome','Windows'),(123,'603802cb383f1','127.0.0.1','en','Mozilla/5.0 (Windows NT 6.1; Win64; x64) AppleWebKit/537.36 (KHTML, like Gecko) Chrome/88.0.4324.182 Safari/537.36',1,1614283467,'Chrome','Windows'),(124,'603803177fde5','127.0.0.1','en','Mozilla/5.0 (Windows NT 6.1; Win64; x64) AppleWebKit/537.36 (KHTML, like Gecko) Chrome/88.0.4324.182 Safari/537.36',1,1614283543,'Chrome','Windows'),(125,'603804db741cf','127.0.0.1','en','Mozilla/5.0 (Windows NT 6.1; Win64; x64) AppleWebKit/537.36 (KHTML, like Gecko) Chrome/88.0.4324.182 Safari/537.36',1,1614283995,'Chrome','Windows'),(126,'6038e0555c572','182.182.114.137','en','Mozilla/5.0 (Windows NT 6.1; Win64; x64) AppleWebKit/537.36 (KHTML, like Gecko) Chrome/88.0.4324.182 Safari/537.36',1,1614340181,'Chrome','Windows'),(127,'6038f19cca625','182.182.114.137','en','Mozilla/5.0 (Windows NT 6.1; Win64; x64) AppleWebKit/537.36 (KHTML, like Gecko) Chrome/88.0.4324.182 Safari/537.36',1,1614344604,'Chrome','Windows'),(128,'6039219921ca2','182.182.114.137','en','Mozilla/5.0 (Windows NT 6.1; Win64; x64; rv:85.0) Gecko/20100101 Firefox/85.0',1,1614356889,'Firefox','Windows'),(129,'603939d8b0d8d','182.182.114.137','en','Mozilla/5.0 (Windows NT 6.1; Win64; x64) AppleWebKit/537.36 (KHTML, like Gecko) Chrome/88.0.4324.182 Safari/537.36',9,1614363096,'Chrome','Windows'),(130,'603a410dd7b77','182.182.114.137','en','Mozilla/5.0 (Windows NT 6.1; Win64; x64; rv:86.0) Gecko/20100101 Firefox/86.0',9,1614430478,'Firefox','Windows'),(131,'603a4149e0b1e','81.136.34.72','en','Mozilla/5.0 (Windows NT 10.0; Win64; x64) AppleWebKit/537.36 (KHTML, like Gecko) Chrome/88.0.4324.190 Safari/537.36',9,1614430537,'Chrome','Windows'),(132,'603e394cbf8cb','182.182.114.137','en','Mozilla/5.0 (Windows NT 6.1; Win64; x64) AppleWebKit/537.36 (KHTML, like Gecko) Chrome/88.0.4324.190 Safari/537.36',9,1614690636,'Chrome','Windows'),(133,'603e46c077cbd','182.182.114.137','en','Mozilla/5.0 (Windows NT 6.1; Win64; x64) AppleWebKit/537.36 (KHTML, like Gecko) Chrome/88.0.4324.190 Safari/537.36',9,1614694080,'Chrome','Windows'),(134,'60474ff964c61','182.182.41.76','en','Mozilla/5.0 (Windows NT 6.1; Win64; x64; rv:86.0) Gecko/20100101 Firefox/86.0',9,1615286265,'Firefox','Windows'),(135,'6047500a0102a','212.139.62.210','en','Mozilla/5.0 (Windows NT 10.0; Win64; x64) AppleWebKit/537.36 (KHTML, like Gecko) Chrome/89.0.4389.72 Safari/537.36',9,1615286282,'Chrome','Windows'),(136,'60508ac4b6461','182.182.111.253','en','Mozilla/5.0 (Windows NT 6.1; Win64; x64; rv:86.0) Gecko/20100101 Firefox/86.0',9,1615891140,'Firefox','Windows'),(137,'60508ad112159','212.139.62.210','en','Mozilla/5.0 (Windows NT 10.0; Win64; x64) AppleWebKit/537.36 (KHTML, like Gecko) Chrome/89.0.4389.82 Safari/537.36',9,1615891153,'Chrome','Windows'),(138,'6050913aa94c6','182.182.111.253','en','Mozilla/5.0 (Windows NT 6.1; Win64; x64) AppleWebKit/537.36 (KHTML, like Gecko) Chrome/89.0.4389.82 Safari/537.36',9,1615892794,'Chrome','Windows'),(139,'6051f2bd5e61c','182.182.114.158','en','Mozilla/5.0 (Windows NT 6.1; Win64; x64; rv:86.0) Gecko/20100101 Firefox/86.0',9,1615983293,'Firefox','Windows'),(140,'6051fd2a0413f','182.182.114.158','en','Mozilla/5.0 (Windows NT 6.1; Win64; x64) AppleWebKit/537.36 (KHTML, like Gecko) Chrome/89.0.4389.90 Safari/537.36',1,1615985962,'Chrome','Windows'),(141,'6051fe7286dcf','182.182.114.158','en','Mozilla/5.0 (Windows NT 6.1; Win64; x64; rv:86.0) Gecko/20100101 Firefox/86.0',10,1615986290,'Firefox','Windows'),(142,'60520bd836a35','182.182.114.158','en','Mozilla/5.0 (Windows NT 6.1; Win64; x64; rv:86.0) Gecko/20100101 Firefox/86.0',9,1615989720,'Firefox','Windows'),(143,'6054e89fa383d','182.182.114.158','en','Mozilla/5.0 (Windows NT 6.1; Win64; x64; rv:86.0) Gecko/20100101 Firefox/86.0',9,1616177311,'Firefox','Windows'),(144,'605d8ff3ae785','182.182.86.163','en','Mozilla/5.0 (Windows NT 6.1; Win64; x64) AppleWebKit/537.36 (KHTML, like Gecko) Chrome/89.0.4389.90 Safari/537.36',9,1616744435,'Chrome','Windows'),(145,'605dae967c644','182.182.86.163','en','Mozilla/5.0 (Windows NT 6.1; Win64; x64) AppleWebKit/537.36 (KHTML, like Gecko) Chrome/89.0.4389.90 Safari/537.36',9,1616752278,'Chrome','Windows'),(146,'605dcdc842f85','182.182.86.163','en','Mozilla/5.0 (Windows NT 6.1; Win64; x64) AppleWebKit/537.36 (KHTML, like Gecko) Chrome/89.0.4389.90 Safari/537.36',9,1616760264,'Chrome','Windows'),(147,'6063249527636','182.182.64.91','en','Mozilla/5.0 (Windows NT 6.1; Win64; x64; rv:87.0) Gecko/20100101 Firefox/87.0',10,1617110165,'Firefox','Windows'),(148,'606328e53d9e7','212.139.62.210','en','Mozilla/5.0 (Windows NT 10.0; Win64; x64) AppleWebKit/537.36 (KHTML, like Gecko) Chrome/89.0.4389.90 Safari/537.36',10,1617111269,'Chrome','Windows'),(149,'60632a6d14eaf','212.139.62.210','en','Mozilla/5.0 (Macintosh; Intel Mac OS X 11_2_3) AppleWebKit/537.36 (KHTML, like Gecko) Chrome/89.0.4389.90 Safari/537.36',10,1617111661,'Chrome','mac'),(150,'60632b0645e1b','212.139.62.210','en','Mozilla/5.0 (Windows NT 10.0; Win64; x64) AppleWebKit/537.36 (KHTML, like Gecko) Chrome/89.0.4389.90 Safari/537.36',10,1617111814,'Chrome','Windows'),(151,'60632be79b484','212.139.62.210','en','Mozilla/5.0 (Windows NT 10.0; Win64; x64) AppleWebKit/537.36 (KHTML, like Gecko) Chrome/89.0.4389.90 Safari/537.36',10,1617112039,'Chrome','Windows'),(152,'60632dc205012','212.139.62.210','en','Mozilla/5.0 (Windows NT 10.0; Win64; x64) AppleWebKit/537.36 (KHTML, like Gecko) Chrome/89.0.4389.90 Safari/537.36',10,1617112514,'Chrome','Windows'),(153,'606d868a7a68b','212.139.62.210','en','Mozilla/5.0 (Windows NT 6.1; Win64; x64) AppleWebKit/537.36 (KHTML, like Gecko) Chrome/89.0.4389.90 Safari/537.36',10,1617790602,'Chrome','Windows'),(154,'606ee270a0093','182.182.72.84','en','Mozilla/5.0 (Windows NT 6.1; Win64; x64) AppleWebKit/537.36 (KHTML, like Gecko) Chrome/89.0.4389.114 Safari/537.36',9,1617879664,'Chrome','Windows'),(155,'6070b56b09bd7','182.182.116.219','en','Mozilla/5.0 (Windows NT 6.1; Win64; x64; rv:87.0) Gecko/20100101 Firefox/87.0',9,1617999211,'Firefox','Windows'),(156,'607408bc97e47','212.139.62.210','en','Mozilla/5.0 (Windows NT 6.1; Win64; x64) AppleWebKit/537.36 (KHTML, like Gecko) Chrome/89.0.4389.90 Safari/537.36',10,1618217148,'Chrome','Windows'),(157,'60741342949e3','212.139.62.210','en','Mozilla/5.0 (Windows NT 6.1; Win64; x64) AppleWebKit/537.36 (KHTML, like Gecko) Chrome/89.0.4389.90 Safari/537.36',10,1618219842,'Chrome','Windows'),(158,'60741c69d9675','212.139.62.210','en','Mozilla/5.0 (Windows NT 6.1; Win64; x64) AppleWebKit/537.36 (KHTML, like Gecko) Chrome/89.0.4389.114 Safari/537.36',10,1618222185,'Chrome','Windows'),(159,'60741ec91334b','202.47.52.122','en','Mozilla/5.0 (Windows NT 10.0; Win64; x64) AppleWebKit/537.36 (KHTML, like Gecko) Chrome/89.0.4389.114 Safari/537.36',9,1618222793,'Chrome','Windows'),(160,'607425cd9cd70','212.139.62.210','en','Mozilla/5.0 (Windows NT 10.0; Win64; x64) AppleWebKit/537.36 (KHTML, like Gecko) Chrome/89.0.4389.114 Safari/537.36',10,1618224589,'Chrome','Windows'),(161,'607428997d514','212.139.62.210','en','Mozilla/5.0 (Windows NT 10.0; Win64; x64) AppleWebKit/537.36 (KHTML, like Gecko) Chrome/89.0.4389.114 Safari/537.36',10,1618225305,'Chrome','Windows'),(162,'6074290ec37d2','212.139.62.210','en','Mozilla/5.0 (Windows NT 10.0; Win64; x64) AppleWebKit/537.36 (KHTML, like Gecko) Chrome/89.0.4389.90 Safari/537.36',10,1618225422,'Chrome','Windows'),(163,'60742a510431b','202.47.52.122','en','Mozilla/5.0 (Windows NT 10.0; Win64; x64) AppleWebKit/537.36 (KHTML, like Gecko) Chrome/89.0.4389.114 Safari/537.36',9,1618225745,'Chrome','Windows'),(164,'60742a7d88b32','212.139.62.210','en','Mozilla/5.0 (Windows NT 10.0; Win64; x64) AppleWebKit/537.36 (KHTML, like Gecko) Chrome/89.0.4389.114 Safari/537.36',9,1618225789,'Chrome','Windows'),(165,'60758c9a1d441','212.139.62.210','en','Mozilla/5.0 (Windows NT 6.1; Win64; x64) AppleWebKit/537.36 (KHTML, like Gecko) Chrome/89.0.4389.90 Safari/537.36',10,1618316442,'Chrome','Windows'),(166,'60760d176df41','182.182.116.219','en','Mozilla/5.0 (Windows NT 6.1; Win64; x64; rv:87.0) Gecko/20100101 Firefox/87.0',9,1618349335,'Firefox','Windows'),(167,'60797a2300180','182.182.47.43','en','Mozilla/5.0 (Windows NT 6.1; Win64; x64; rv:87.0) Gecko/20100101 Firefox/87.0',9,1618573859,'Firefox','Windows'),(168,'607aafe7851f8','182.182.47.43','en','Mozilla/5.0 (Windows NT 6.1; Win64; x64; rv:87.0) Gecko/20100101 Firefox/87.0',9,1618653159,'Firefox','Windows'),(169,'607ab0d7c3306','182.182.47.43','en','Mozilla/5.0 (Windows NT 6.1; Win64; x64) AppleWebKit/537.36 (KHTML, like Gecko) Chrome/90.0.4430.72 Safari/537.36',12,1618653399,'Chrome','Windows'),(170,'607ab0f533295','182.182.47.43','en','Mozilla/5.0 (Windows NT 6.1; Win64; x64; rv:87.0) Gecko/20100101 Firefox/87.0',1,1618653429,'Firefox','Windows'),(171,'607abc96c6614','182.182.47.43','en','Mozilla/5.0 (Windows NT 6.1; Win64; x64) AppleWebKit/537.36 (KHTML, like Gecko) Chrome/90.0.4430.72 Safari/537.36',9,1618656406,'Chrome','Windows'),(172,'607abcd76d32d','182.182.47.43','en','Mozilla/5.0 (Windows NT 6.1; Win64; x64; rv:87.0) Gecko/20100101 Firefox/87.0',1,1618656471,'Firefox','Windows'),(173,'607abd8142da7','182.182.47.43','en','Mozilla/5.0 (Windows NT 6.1; Win64; x64) AppleWebKit/537.36 (KHTML, like Gecko) Chrome/90.0.4430.72 Safari/537.36',12,1618656641,'Chrome','Windows'),(174,'607c00b2eeffe','182.182.0.210','en','Mozilla/5.0 (Windows NT 6.1; Win64; x64) AppleWebKit/537.36 (KHTML, like Gecko) Chrome/90.0.4430.72 Safari/537.36',1,1618739379,'Chrome','Windows'),(175,'607c01379d87e','182.182.0.210','en','Mozilla/5.0 (Windows NT 6.1; Win64; x64) AppleWebKit/537.36 (KHTML, like Gecko) Chrome/90.0.4430.72 Safari/537.36',13,1618739511,'Chrome','Windows'),(176,'607c04f3ee7b8','182.182.0.210','en','Mozilla/5.0 (Windows NT 6.1; Win64; x64; rv:87.0) Gecko/20100101 Firefox/87.0',13,1618740467,'Firefox','Windows'),(177,'607c9d7c6adbc','217.30.66.54','en','Mozilla/5.0 (Macintosh; Intel Mac OS X 10_14_6) AppleWebKit/537.36 (KHTML, like Gecko) Chrome/90.0.4430.72 Safari/537.36',13,1618779516,'Chrome','mac'),(178,'607e879cab03e','182.182.102.35','en','Mozilla/5.0 (Windows NT 6.1; Win64; x64) AppleWebKit/537.36 (KHTML, like Gecko) Chrome/90.0.4430.72 Safari/537.36',9,1618904988,'Chrome','Windows'),(179,'607e8e9c937b8','212.139.62.210','en','Mozilla/5.0 (Windows NT 6.1; Win64; x64) AppleWebKit/537.36 (KHTML, like Gecko) Chrome/89.0.4389.128 Safari/537.36',10,1618906780,'Chrome','Windows'),(180,'607edad77cbe3','212.139.62.210','en','Mozilla/5.0 (Windows NT 10.0; Win64; x64) AppleWebKit/537.36 (KHTML, like Gecko) Chrome/89.0.4389.128 Safari/537.36',10,1618926295,'Chrome','Windows'),(181,'607ee10278806','212.139.62.210','en','Mozilla/5.0 (Windows NT 10.0; Win64; x64) AppleWebKit/537.36 (KHTML, like Gecko) Chrome/90.0.4430.72 Safari/537.36',10,1618927874,'Chrome','Windows'),(182,'607ee5bd81f46','182.182.102.35','en','Mozilla/5.0 (Windows NT 6.1; Win64; x64) AppleWebKit/537.36 (KHTML, like Gecko) Chrome/90.0.4430.72 Safari/537.36',9,1618929085,'Chrome','Windows'),(183,'607ee726d035f','182.182.102.35','en','Mozilla/5.0 (Windows NT 6.1; Win64; x64) AppleWebKit/537.36 (KHTML, like Gecko) Chrome/90.0.4430.72 Safari/537.36',10,1618929446,'Chrome','Windows'),(184,'607ee74685e07','182.182.102.35','en','Mozilla/5.0 (Windows NT 6.1; Win64; x64; rv:87.0) Gecko/20100101 Firefox/87.0',1,1618929478,'Firefox','Windows'),(185,'608003e2ae06b','212.139.62.210','en','Mozilla/5.0 (Windows NT 10.0; Win64; x64) AppleWebKit/537.36 (KHTML, like Gecko) Chrome/90.0.4430.72 Safari/537.36',10,1619002338,'Chrome','Windows'),(186,'608166dd6bae7','212.139.62.210','en','Mozilla/5.0 (Windows NT 10.0; Win64; x64) AppleWebKit/537.36 (KHTML, like Gecko) Chrome/89.0.4389.128 Safari/537.36',10,1619093213,'Chrome','Windows'),(187,'608168d69f13e','212.139.62.210','en','Mozilla/5.0 (Windows NT 10.0; Win64; x64) AppleWebKit/537.36 (KHTML, like Gecko) Chrome/89.0.4389.128 Safari/537.36',10,1619093718,'Chrome','Windows'),(188,'60819203000e5','91.110.111.139','en','Mozilla/5.0 (Windows NT 10.0; Win64; x64) AppleWebKit/537.36 (KHTML, like Gecko) Chrome/90.0.4430.85 Safari/537.36',9,1619104259,'Chrome','Windows'),(189,'60821b70aad25','182.182.24.164','en','Mozilla/5.0 (Linux; Android 4.4.4; XT1080) AppleWebKit/537.36 (KHTML, like Gecko) Chrome/81.0.4044.138 Mobile Safari/537.36',9,1619139440,'Chrome','Android'),(190,'6083ef2834bd8','182.182.24.164','en','Mozilla/5.0 (Windows NT 6.1; Win64; x64; rv:88.0) Gecko/20100101 Firefox/88.0',9,1619259176,'Firefox','Windows'),(191,'60851dfed9d19','182.182.49.219','en','Mozilla/5.0 (Windows NT 6.1; Win64; x64) AppleWebKit/537.36 (KHTML, like Gecko) Chrome/90.0.4430.85 Safari/537.36',9,1619336702,'Chrome','Windows'),(192,'6086746d7b7af','182.182.108.73','en','Mozilla/5.0 (Windows NT 6.1; Win64; x64) AppleWebKit/537.36 (KHTML, like Gecko) Chrome/90.0.4430.85 Safari/537.36',9,1619424365,'Chrome','Windows'),(193,'6089356e0f9d6','212.139.62.210','en','Mozilla/5.0 (Windows NT 10.0; Win64; x64) AppleWebKit/537.36 (KHTML, like Gecko) Chrome/90.0.4430.93 Safari/537.36',10,1619604846,'Chrome','Windows'),(194,'608a7e3b0cbe1','182.182.48.225','en','Mozilla/5.0 (Linux; Android 4.4.4; XT1080) AppleWebKit/537.36 (KHTML, like Gecko) Chrome/81.0.4044.138 Mobile Safari/537.36',9,1619689019,'Chrome','Android'),(195,'608b63e75a2de','182.182.48.225','en','Mozilla/5.0 (Windows NT 6.1; Win64; x64) AppleWebKit/537.36 (KHTML, like Gecko) Chrome/90.0.4430.93 Safari/537.36',9,1619747815,'Chrome','Windows'),(196,'608b640836b95','182.182.48.225','en','Mozilla/5.0 (Windows NT 6.1; Win64; x64; rv:88.0) Gecko/20100101 Firefox/88.0',9,1619747848,'Firefox','Windows'),(197,'608b64190dbca','182.182.48.225','en','Mozilla/5.0 (Windows NT 6.1; Win64; x64; rv:88.0) Gecko/20100101 Firefox/88.0',1,1619747865,'Firefox','Windows'),(198,'608b67fde3b54','182.182.48.225','en','Mozilla/5.0 (Windows NT 6.1; Win64; x64; rv:88.0) Gecko/20100101 Firefox/88.0',9,1619748861,'Firefox','Windows'),(199,'608bde4041ccc','92.41.9.189','en','Mozilla/5.0 (Windows NT 10.0; Win64; x64) AppleWebKit/537.36 (KHTML, like Gecko) Chrome/89.0.4389.90 Safari/537.36',10,1619779136,'Chrome','Windows'),(200,'609275601ec3b','212.139.62.210','en','Mozilla/5.0 (Windows NT 10.0; Win64; x64) AppleWebKit/537.36 (KHTML, like Gecko) Chrome/90.0.4430.93 Safari/537.36',10,1620211040,'Chrome','Windows'),(201,'6092760cb6a36','182.182.64.171','en','Mozilla/5.0 (Windows NT 6.1; Win64; x64; rv:88.0) Gecko/20100101 Firefox/88.0',9,1620211212,'Firefox','Windows'),(202,'60927c6193b08','182.182.64.171','en','Mozilla/5.0 (Windows NT 6.1; Win64; x64) AppleWebKit/537.36 (KHTML, like Gecko) Chrome/90.0.4430.93 Safari/537.36',12,1620212833,'Chrome','Windows'),(203,'6096db8768c0f','182.182.31.62','en','Mozilla/5.0 (Windows NT 6.1; Win64; x64) AppleWebKit/537.36 (KHTML, like Gecko) Chrome/90.0.4430.93 Safari/537.36',9,1620499335,'Chrome','Windows'),(204,'6096dd25aa8cb','182.182.31.62','en','Mozilla/5.0 (Windows NT 6.1; Win64; x64; rv:88.0) Gecko/20100101 Firefox/88.0',9,1620499749,'Firefox','Windows'),(205,'609a5cd5416a2','182.182.9.10','en','Mozilla/5.0 (Windows NT 6.1; Win64; x64; rv:88.0) Gecko/20100101 Firefox/88.0',9,1620729045,'Firefox','Windows'),(206,'609a5d4441da6','182.182.9.10','en','Mozilla/5.0 (Windows NT 6.1; Win64; x64; rv:88.0) Gecko/20100101 Firefox/88.0',1,1620729156,'Firefox','Windows'),(207,'609aa3985d177','182.182.9.10','en','Mozilla/5.0 (Windows NT 6.1; Win64; x64) AppleWebKit/537.36 (KHTML, like Gecko) Chrome/90.0.4430.93 Safari/537.36',14,1620747160,'Chrome','Windows'),(208,'60a14f104de05','182.182.63.47','en','Mozilla/5.0 (Windows NT 6.1; Win64; x64) AppleWebKit/537.36 (KHTML, like Gecko) Chrome/90.0.4430.212 Safari/537.36',9,1621184272,'Chrome','Windows'),(209,'60a17080ac56a','182.182.63.47','en','Mozilla/5.0 (Windows NT 6.1; Win64; x64) AppleWebKit/537.36 (KHTML, like Gecko) Chrome/90.0.4430.212 Safari/537.36',9,1621192832,'Chrome','Windows'),(210,'60a1708d2018a','182.182.63.47','en','Mozilla/5.0 (Windows NT 6.1; Win64; x64; rv:88.0) Gecko/20100101 Firefox/88.0',14,1621192845,'Firefox','Windows'),(211,'60a171a78fb0f','182.182.63.47','en','Mozilla/5.0 (Windows NT 6.1; Win64; x64; rv:88.0) Gecko/20100101 Firefox/88.0',1,1621193127,'Firefox','Windows'),(212,'60a173a33e5c0','182.182.63.47','en','Mozilla/5.0 (Windows NT 6.1; Win64; x64; rv:88.0) Gecko/20100101 Firefox/88.0',14,1621193635,'Firefox','Windows'),(213,'60a174a2993ce','182.182.63.47','en','Mozilla/5.0 (Windows NT 6.1; Win64; x64) AppleWebKit/537.36 (KHTML, like Gecko) Chrome/90.0.4430.212 Safari/537.36',9,1621193890,'Chrome','Windows'),(214,'60a251be85b8e','182.182.27.191','en','Mozilla/5.0 (Windows NT 6.1; Win64; x64; rv:88.0) Gecko/20100101 Firefox/88.0',14,1621250494,'Firefox','Windows'),(215,'60a28437969cb','182.182.27.191','en','Mozilla/5.0 (Windows NT 6.1; Win64; x64) AppleWebKit/537.36 (KHTML, like Gecko) Chrome/90.0.4430.212 Safari/537.36',9,1621263415,'Chrome','Windows'),(216,'60a2848d6cb93','182.182.27.191','en','Mozilla/5.0 (Windows NT 6.1; Win64; x64) AppleWebKit/537.36 (KHTML, like Gecko) Chrome/90.0.4430.212 Safari/537.36',1,1621263501,'Chrome','Windows'),(217,'60a28606069e8','182.182.27.191','en','Mozilla/5.0 (Windows NT 6.1; Win64; x64; rv:88.0) Gecko/20100101 Firefox/88.0',15,1621263878,'Firefox','Windows'),(218,'60a28abdcd4e5','182.182.27.191','en','Mozilla/5.0 (Windows NT 6.1; Win64; x64; rv:88.0) Gecko/20100101 Firefox/88.0',16,1621265085,'Firefox','Windows'),(219,'60a296fb02d03','212.139.62.210','en','Mozilla/5.0 (Windows NT 10.0; Win64; x64) AppleWebKit/537.36 (KHTML, like Gecko) Chrome/90.0.4430.212 Safari/537.36',10,1621268219,'Chrome','Windows'),(220,'60a3ee6ce80b7','182.182.27.191','en','Mozilla/5.0 (Windows NT 6.1; Win64; x64; rv:88.0) Gecko/20100101 Firefox/88.0',9,1621356140,'Firefox','Windows'),(221,'60a3eef6b683c','182.182.27.191','en','Mozilla/5.0 (Windows NT 6.1; Win64; x64) AppleWebKit/537.36 (KHTML, like Gecko) Chrome/90.0.4430.212 Safari/537.36',12,1621356278,'Chrome','Windows'),(222,'60a3ef53cd64c','182.182.27.191','en','Mozilla/5.0 (Windows NT 6.1; Win64; x64) AppleWebKit/537.36 (KHTML, like Gecko) Chrome/90.0.4430.212 Safari/537.36',1,1621356371,'Chrome','Windows'),(223,'60a3f0f63ac21','182.182.27.191','en','Mozilla/5.0 (Windows NT 6.1; Win64; x64) AppleWebKit/537.36 (KHTML, like Gecko) Chrome/90.0.4430.212 Safari/537.36',9,1621356790,'Chrome','Windows'),(224,'60a3f10641f69','182.182.27.191','en','Mozilla/5.0 (Windows NT 6.1; Win64; x64; rv:88.0) Gecko/20100101 Firefox/88.0',12,1621356806,'Firefox','Windows'),(225,'60a529da2f9bf','182.182.27.191','en','Mozilla/5.0 (Windows NT 6.1; Win64; x64; rv:88.0) Gecko/20100101 Firefox/88.0',12,1621436890,'Firefox','Windows'),(226,'60a52a224b9ba','182.182.27.191','en','Mozilla/5.0 (Windows NT 6.1; Win64; x64) AppleWebKit/537.36 (KHTML, like Gecko) Chrome/90.0.4430.212 Safari/537.36',9,1621436962,'Chrome','Windows'),(227,'60a52d13cb61f','182.182.27.191','en','Mozilla/5.0 (Windows NT 6.1; Win64; x64; rv:88.0) Gecko/20100101 Firefox/88.0',17,1621437715,'Firefox','Windows'),(228,'60a52d6c9f3a0','182.182.27.191','en','Mozilla/5.0 (Windows NT 6.1; Win64; x64; rv:88.0) Gecko/20100101 Firefox/88.0',12,1621437804,'Firefox','Windows'),(229,'60a52fb7c20bb','182.182.27.191','en','Mozilla/5.0 (Windows NT 6.1; Win64; x64) AppleWebKit/537.36 (KHTML, like Gecko) Chrome/90.0.4430.212 Safari/537.36',14,1621438391,'Chrome','Windows'),(230,'60a52fcf46929','182.182.27.191','en','Mozilla/5.0 (Windows NT 6.1; Win64; x64) AppleWebKit/537.36 (KHTML, like Gecko) Chrome/90.0.4430.212 Safari/537.36',14,1621438415,'Chrome','Windows'),(231,'60afdd3a8027f','182.182.121.176','en','Mozilla/5.0 (Windows NT 6.1; Win64; x64; rv:88.0) Gecko/20100101 Firefox/88.0',9,1622138170,'Firefox','Windows'),(232,'60afdddecc016','182.182.121.176','en','Mozilla/5.0 (Windows NT 6.1; Win64; x64; rv:88.0) Gecko/20100101 Firefox/88.0',12,1622138334,'Firefox','Windows'),(233,'60afde3f076d7','182.182.121.176','en','Mozilla/5.0 (Windows NT 6.1; Win64; x64; rv:88.0) Gecko/20100101 Firefox/88.0',1,1622138431,'Firefox','Windows'),(234,'60afdf1b428c7','182.182.121.176','en','Mozilla/5.0 (Windows NT 6.1; Win64; x64; rv:88.0) Gecko/20100101 Firefox/88.0',12,1622138651,'Firefox','Windows'),(235,'60b0c063e391b','92.40.194.3','en','Mozilla/5.0 (Windows NT 10.0; Win64; x64) AppleWebKit/537.36 (KHTML, like Gecko) Chrome/90.0.4430.93 Safari/537.36',10,1622196323,'Chrome','Windows'),(236,'60b0f1683b9c2','212.139.62.210','en','Mozilla/5.0 (Windows NT 6.1; Win64; x64) AppleWebKit/537.36 (KHTML, like Gecko) Chrome/90.0.4430.212 Safari/537.36',10,1622208872,'Chrome','Windows'),(237,'60b345483bf12','194.168.26.221','en','Mozilla/5.0 (Windows NT 10.0; Win64; x64) AppleWebKit/537.36 (KHTML, like Gecko) Chrome/90.0.4430.212 Safari/537.36',10,1622361416,'Chrome','Windows'),(238,'60b4746b137d2','182.182.87.56','en','Mozilla/5.0 (Windows NT 6.1; Win64; x64) AppleWebKit/537.36 (KHTML, like Gecko) Chrome/91.0.4472.77 Safari/537.36',9,1622439019,'Chrome','Windows'),(239,'60b5ee931c603','182.182.87.56','en','Mozilla/5.0 (Windows NT 6.1; Win64; x64) AppleWebKit/537.36 (KHTML, like Gecko) Chrome/91.0.4472.77 Safari/537.36',9,1622535827,'Chrome','Windows'),(240,'60b5ef0e5f401','182.182.87.56','en','Mozilla/5.0 (Windows NT 6.1; Win64; x64; rv:88.0) Gecko/20100101 Firefox/88.0',18,1622535950,'Firefox','Windows'),(241,'60b625a01227d','212.139.62.210','en','Mozilla/5.0 (Windows NT 10.0; Win64; x64) AppleWebKit/537.36 (KHTML, like Gecko) Chrome/90.0.4430.212 Safari/537.36',10,1622549920,'Chrome','Windows'),(242,'60b6293f2121b','182.182.87.56','en','Mozilla/5.0 (Windows NT 6.1; Win64; x64; rv:88.0) Gecko/20100101 Firefox/88.0',9,1622550847,'Firefox','Windows'),(243,'60b6348371f4e','182.182.87.56','en','Mozilla/5.0 (Windows NT 6.1; Win64; x64) AppleWebKit/537.36 (KHTML, like Gecko) Chrome/91.0.4472.77 Safari/537.36',12,1622553731,'Chrome','Windows'),(244,'60b6351ac3ace','212.139.62.210','en','Mozilla/5.0 (Windows NT 10.0; Win64; x64) AppleWebKit/537.36 (KHTML, like Gecko) Chrome/90.0.4430.212 Safari/537.36',10,1622553882,'Chrome','Windows'),(245,'60b63582814c4','212.139.62.210','en','Mozilla/5.0 (Windows NT 10.0; Win64; x64) AppleWebKit/537.36 (KHTML, like Gecko) Chrome/90.0.4430.212 Safari/537.36',12,1622553986,'Chrome','Windows'),(246,'60b6397e7b51d','182.182.87.56','en','Mozilla/5.0 (Windows NT 6.1; Win64; x64) AppleWebKit/537.36 (KHTML, like Gecko) Chrome/91.0.4472.77 Safari/537.36',14,1622555006,'Chrome','Windows'),(247,'60b639996de0d','182.182.87.56','en','Mozilla/5.0 (Windows NT 6.1; Win64; x64) AppleWebKit/537.36 (KHTML, like Gecko) Chrome/91.0.4472.77 Safari/537.36',14,1622555033,'Chrome','Windows'),(248,'60b63ae8e573a','182.182.87.56','en','Mozilla/5.0 (Windows NT 6.1; Win64; x64) AppleWebKit/537.36 (KHTML, like Gecko) Chrome/91.0.4472.77 Safari/537.36',19,1622555368,'Chrome','Windows'),(249,'60bcaa066a6c7','92.40.185.190','en','Mozilla/5.0 (Windows NT 10.0; Win64; x64) AppleWebKit/537.36 (KHTML, like Gecko) Chrome/91.0.4472.77 Safari/537.36',10,1622977030,'Chrome','Windows'),(250,'60bcaa0708ce2','92.40.185.190','en','Mozilla/5.0 (Windows NT 10.0; Win64; x64) AppleWebKit/537.36 (KHTML, like Gecko) Chrome/91.0.4472.77 Safari/537.36',10,1622977031,'Chrome','Windows'),(251,'60bde027d32a5','212.139.62.210','en','Mozilla/5.0 (Windows NT 6.1; Win64; x64) AppleWebKit/537.36 (KHTML, like Gecko) Chrome/90.0.4430.212 Safari/537.36',10,1623056423,'Chrome','Windows'),(252,'60c7310bd4482','182.182.85.96','en','Mozilla/5.0 (Windows NT 6.1; Win64; x64) AppleWebKit/537.36 (KHTML, like Gecko) Chrome/91.0.4472.77 Safari/537.36',9,1623666955,'Chrome','Windows'),(253,'60c73361db37f','182.182.57.79','en','Mozilla/5.0 (Windows NT 6.1; Win64; x64) AppleWebKit/537.36 (KHTML, like Gecko) Chrome/91.0.4472.77 Safari/537.36',14,1623667553,'Chrome','Windows'),(254,'60c733a6d92bf','182.182.57.79','en','Mozilla/5.0 (Windows NT 6.1; Win64; x64; rv:89.0) Gecko/20100101 Firefox/89.0',1,1623667622,'Firefox','Windows'),(255,'60c734c08ff7a','182.182.57.79','en','Mozilla/5.0 (Windows NT 6.1; Win64; x64; rv:89.0) Gecko/20100101 Firefox/89.0',1,1623667904,'Firefox','Windows'),(256,'60c7395eed656','182.182.57.79','en','Mozilla/5.0 (Windows NT 6.1; Win64; x64) AppleWebKit/537.36 (KHTML, like Gecko) Chrome/91.0.4472.77 Safari/537.36',12,1623669086,'Chrome','Windows'),(257,'60c73a0cd3019','182.182.57.79','en','Mozilla/5.0 (Windows NT 6.1; Win64; x64; rv:89.0) Gecko/20100101 Firefox/89.0',9,1623669260,'Firefox','Windows'),(258,'60c7440a1dff8','182.182.57.79','en','Mozilla/5.0 (Linux; Android 4.4.4; XT1080) AppleWebKit/537.36 (KHTML, like Gecko) Chrome/81.0.4044.138 Mobile Safari/537.36',14,1623671818,'Chrome','Android'),(259,'60c7449d5c335','182.182.57.79','en','Mozilla/5.0 (Linux; Android 4.4.4; XT1080) AppleWebKit/537.36 (KHTML, like Gecko) Chrome/81.0.4044.138 Mobile Safari/537.36',9,1623671965,'Chrome','Android'),(260,'60c8866fa8264','212.139.62.210','en','Mozilla/5.0 (Windows NT 10.0; Win64; x64) AppleWebKit/537.36 (KHTML, like Gecko) Chrome/91.0.4472.77 Safari/537.36',10,1623754351,'Chrome','Windows'),(261,'60c88677f2af7','212.139.62.210','en','Mozilla/5.0 (Windows NT 6.1; Win64; x64) AppleWebKit/537.36 (KHTML, like Gecko) Chrome/90.0.4430.212 Safari/537.36',10,1623754359,'Chrome','Windows'),(262,'60c89ecb59dfb','212.139.62.210','en','Mozilla/5.0 (Windows NT 10.0; Win64; x64) AppleWebKit/537.36 (KHTML, like Gecko) Chrome/91.0.4472.77 Safari/537.36',10,1623760587,'Chrome','Windows'),(263,'60c8b8ca25868','212.139.62.210','en','Mozilla/5.0 (Windows NT 10.0; Win64; x64) AppleWebKit/537.36 (KHTML, like Gecko) Chrome/91.0.4472.77 Safari/537.36',10,1623767242,'Chrome','Windows'),(264,'60c8b8ca8dd1b','212.139.62.210','en','Mozilla/5.0 (Windows NT 10.0; Win64; x64) AppleWebKit/537.36 (KHTML, like Gecko) Chrome/91.0.4472.77 Safari/537.36',10,1623767242,'Chrome','Windows'),(265,'60c8b8cd977ea','212.139.62.210','en','Mozilla/5.0 (Windows NT 10.0; Win64; x64) AppleWebKit/537.36 (KHTML, like Gecko) Chrome/91.0.4472.77 Safari/537.36',10,1623767245,'Chrome','Windows'),(266,'60ccd5785926a','182.182.96.13','en','Mozilla/5.0 (Windows NT 6.1; Win64; x64) AppleWebKit/537.36 (KHTML, like Gecko) Chrome/91.0.4472.106 Safari/537.36',9,1624036728,'Chrome','Windows'),(267,'60cf0e374a684','81.136.34.52','en','Mozilla/5.0 (Windows NT 10.0; Win64; x64) AppleWebKit/537.36 (KHTML, like Gecko) Chrome/91.0.4472.106 Safari/537.36',10,1624182327,'Chrome','Windows'),(268,'60cf15395def5','81.136.34.52','en','Mozilla/5.0 (Windows NT 10.0; Win64; x64) AppleWebKit/537.36 (KHTML, like Gecko) Chrome/91.0.4472.106 Safari/537.36',10,1624184121,'Chrome','Windows'),(269,'60cf20b6a042f','182.182.100.95','en','Mozilla/5.0 (Windows NT 6.1; Win64; x64) AppleWebKit/537.36 (KHTML, like Gecko) Chrome/91.0.4472.106 Safari/537.36',9,1624187062,'Chrome','Windows'),(270,'60cf21d7ac153','81.136.34.52','en','Mozilla/5.0 (Windows NT 10.0; Win64; x64) AppleWebKit/537.36 (KHTML, like Gecko) Chrome/91.0.4472.106 Safari/537.36',10,1624187351,'Chrome','Windows'),(271,'60cf21e4c77d5','182.182.100.95','en','Mozilla/5.0 (Windows NT 6.1; Win64; x64) AppleWebKit/537.36 (KHTML, like Gecko) Chrome/91.0.4472.106 Safari/537.36',9,1624187364,'Chrome','Windows'),(272,'60cf27832b984','81.136.34.52','en','Mozilla/5.0 (Windows NT 10.0; Win64; x64) AppleWebKit/537.36 (KHTML, like Gecko) Chrome/91.0.4472.106 Safari/537.36',10,1624188803,'Chrome','Windows'),(273,'60cf2b508d6ca','182.182.100.95','en','Mozilla/5.0 (Windows NT 6.1; Win64; x64) AppleWebKit/537.36 (KHTML, like Gecko) Chrome/91.0.4472.106 Safari/537.36',14,1624189776,'Chrome','Windows'),(274,'60cf2c38a4bbe','182.182.100.95','en','Mozilla/5.0 (Windows NT 6.1; Win64; x64) AppleWebKit/537.36 (KHTML, like Gecko) Chrome/91.0.4472.106 Safari/537.36',14,1624190008,'Chrome','Windows'),(275,'60cf2c38dd7ae','81.136.34.52','en','Mozilla/5.0 (Windows NT 10.0; Win64; x64) AppleWebKit/537.36 (KHTML, like Gecko) Chrome/91.0.4472.106 Safari/537.36',14,1624190008,'Chrome','Windows'),(276,'60cf2d633c8d5','182.182.100.95','en','Mozilla/5.0 (Windows NT 6.1; Win64; x64) AppleWebKit/537.36 (KHTML, like Gecko) Chrome/91.0.4472.106 Safari/537.36',9,1624190307,'Chrome','Windows'),(277,'60cf2d7d25daa','81.136.34.52','en','Mozilla/5.0 (Windows NT 10.0; Win64; x64) AppleWebKit/537.36 (KHTML, like Gecko) Chrome/91.0.4472.106 Safari/537.36',10,1624190333,'Chrome','Windows'),(278,'60cf4100004e3','182.182.100.95','en','Mozilla/5.0 (Windows NT 6.1; Win64; x64) AppleWebKit/537.36 (KHTML, like Gecko) Chrome/91.0.4472.106 Safari/537.36',9,1624195328,'Chrome','Windows'),(279,'60cf49ada8ea4','81.136.34.52','en','Mozilla/5.0 (Windows NT 10.0; Win64; x64) AppleWebKit/537.36 (KHTML, like Gecko) Chrome/91.0.4472.106 Safari/537.36',10,1624197549,'Chrome','Windows'),(280,'60cf49ca76efb','81.136.34.52','en','Mozilla/5.0 (Windows NT 10.0; Win64; x64) AppleWebKit/537.36 (KHTML, like Gecko) Chrome/91.0.4472.106 Safari/537.36',10,1624197578,'Chrome','Windows'),(281,'60cf4a1f049cd','81.136.34.52','en','Mozilla/5.0 (Windows NT 10.0; Win64; x64) AppleWebKit/537.36 (KHTML, like Gecko) Chrome/91.0.4472.106 Safari/537.36',14,1624197663,'Chrome','Windows'),(282,'60cf4d7b5c7d8','182.182.100.95','en','Mozilla/5.0 (Windows NT 6.1; Win64; x64) AppleWebKit/537.36 (KHTML, like Gecko) Chrome/91.0.4472.106 Safari/537.36',9,1624198523,'Chrome','Windows'),(283,'60cf5a6624bee','81.136.34.52','en','Mozilla/5.0 (Windows NT 10.0; Win64; x64) AppleWebKit/537.36 (KHTML, like Gecko) Chrome/91.0.4472.106 Safari/537.36',9,1624201830,'Chrome','Windows'),(284,'60cf6f3146399','182.182.100.95','en','Mozilla/5.0 (Windows NT 6.1; Win64; x64) AppleWebKit/537.36 (KHTML, like Gecko) Chrome/91.0.4472.106 Safari/537.36',9,1624207153,'Chrome','Windows'),(285,'60cf7f0466037','182.182.100.95','en','Mozilla/5.0 (Windows NT 6.1; Win64; x64) AppleWebKit/537.36 (KHTML, like Gecko) Chrome/91.0.4472.106 Safari/537.36',9,1624211204,'Chrome','Windows'),(286,'60cfaab2dd0f3','81.136.34.52','en','Mozilla/5.0 (Windows NT 10.0; Win64; x64) AppleWebKit/537.36 (KHTML, like Gecko) Chrome/91.0.4472.106 Safari/537.36',9,1624222386,'Chrome','Windows'),(287,'60d0659c99929','212.139.62.210','en','Mozilla/5.0 (Windows NT 10.0; Win64; x64) AppleWebKit/537.36 (KHTML, like Gecko) Chrome/91.0.4472.106 Safari/537.36',10,1624270236,'Chrome','Windows'),(288,'60d0da7580890','182.182.100.95','en','Mozilla/5.0 (Windows NT 6.1; Win64; x64) AppleWebKit/537.36 (KHTML, like Gecko) Chrome/91.0.4472.106 Safari/537.36',9,1624300149,'Chrome','Windows'),(289,'60d0dc039104a','182.182.100.95','en','Mozilla/5.0 (Windows NT 6.1; Win64; x64; rv:89.0) Gecko/20100101 Firefox/89.0',9,1624300547,'Firefox','Windows'),(290,'60d13b02c8d77','182.182.100.95','en','Mozilla/5.0 (Windows NT 6.1; Win64; x64) AppleWebKit/537.36 (KHTML, like Gecko) Chrome/91.0.4472.106 Safari/537.36',1,1624324866,'Chrome','Windows'),(291,'60d13bac81162','182.182.100.95','en','Mozilla/5.0 (Windows NT 6.1; Win64; x64) AppleWebKit/537.36 (KHTML, like Gecko) Chrome/91.0.4472.106 Safari/537.36',9,1624325036,'Chrome','Windows'),(292,'60d18f0b73bcc','94.185.164.83','en','Mozilla/5.0 (Windows NT 10.0; Win64; x64) AppleWebKit/537.36 (KHTML, like Gecko) Chrome/91.0.4472.106 Safari/537.36',9,1624346379,'Chrome','Windows'),(293,'60d1b2c7e28ca','212.139.62.210','en','Mozilla/5.0 (Windows NT 10.0; Win64; x64) AppleWebKit/537.36 (KHTML, like Gecko) Chrome/91.0.4472.77 Safari/537.36',10,1624355527,'Chrome','Windows'),(294,'60d1d98f442cb','212.139.62.210','en','Mozilla/5.0 (Windows NT 10.0; Win64; x64) AppleWebKit/537.36 (KHTML, like Gecko) Chrome/91.0.4472.106 Safari/537.36',10,1624365455,'Chrome','Windows'),(295,'60d20918bdaef','182.182.24.138','en','Mozilla/5.0 (Windows NT 6.1; Win64; x64) AppleWebKit/537.36 (KHTML, like Gecko) Chrome/91.0.4472.106 Safari/537.36',9,1624377624,'Chrome','Windows'),(296,'60d3b0df60271','81.136.34.52','en','Mozilla/5.0 (Windows NT 10.0; Win64; x64) AppleWebKit/537.36 (KHTML, like Gecko) Chrome/91.0.4472.106 Safari/537.36',10,1624486111,'Chrome','Windows'),(297,'60d3b39f7e204','81.136.34.52','en','Mozilla/5.0 (Windows NT 10.0; Win64; x64) AppleWebKit/537.36 (KHTML, like Gecko) Chrome/91.0.4472.106 Safari/537.36',10,1624486815,'Chrome','Windows'),(298,'60d3f96a6dab3','182.182.116.10','en','Mozilla/5.0 (Windows NT 6.1; Win64; x64) AppleWebKit/537.36 (KHTML, like Gecko) Chrome/91.0.4472.114 Safari/537.36',9,1624504682,'Chrome','Windows'),(299,'60d40bae74ad2','182.182.116.10','en','Mozilla/5.0 (Windows NT 6.1; Win64; x64) AppleWebKit/537.36 (KHTML, like Gecko) Chrome/91.0.4472.114 Safari/537.36',9,1624509358,'Chrome','Windows'),(300,'60d42d864c21e','182.182.116.10','en','Mozilla/5.0 (Windows NT 6.1; Win64; x64) AppleWebKit/537.36 (KHTML, like Gecko) Chrome/91.0.4472.114 Safari/537.36',1,1624518022,'Chrome','Windows'),(301,'60d42e46df9e3','182.182.116.10','en','Mozilla/5.0 (Windows NT 6.1; Win64; x64; rv:89.0) Gecko/20100101 Firefox/89.0',9,1624518214,'Firefox','Windows'),(302,'60d42e9ca7e6a','182.182.116.10','en','Mozilla/5.0 (Windows NT 6.1; Win64; x64; rv:89.0) Gecko/20100101 Firefox/89.0',10,1624518300,'Firefox','Windows'),(303,'60d44a2a3a165','182.182.116.10','en','Mozilla/5.0 (Windows NT 6.1; Win64; x64) AppleWebKit/537.36 (KHTML, like Gecko) Chrome/91.0.4472.114 Safari/537.36',9,1624525354,'Chrome','Windows'),(304,'60d44aaf23f5d','81.136.34.52','en','Mozilla/5.0 (Windows NT 10.0; Win64; x64) AppleWebKit/537.36 (KHTML, like Gecko) Chrome/91.0.4472.106 Safari/537.36',9,1624525487,'Chrome','Windows'),(305,'60d44b1218705','182.182.116.10','en','Mozilla/5.0 (Windows NT 6.1; Win64; x64; rv:89.0) Gecko/20100101 Firefox/89.0',10,1624525586,'Firefox','Windows'),(306,'60d44b7696cdf','81.136.34.52','en','Mozilla/5.0 (Windows NT 10.0; Win64; x64) AppleWebKit/537.36 (KHTML, like Gecko) Chrome/91.0.4472.106 Safari/537.36',10,1624525686,'Chrome','Windows'),(307,'60d45a3c58327','182.182.116.10','en','Mozilla/5.0 (Windows NT 6.1; Win64; x64) AppleWebKit/537.36 (KHTML, like Gecko) Chrome/91.0.4472.114 Safari/537.36',1,1624529468,'Chrome','Windows'),(308,'60d47722d67df','81.136.34.52','en','Mozilla/5.0 (Windows NT 10.0; Win64; x64) AppleWebKit/537.36 (KHTML, like Gecko) Chrome/91.0.4472.106 Safari/537.36',10,1624536866,'Chrome','Windows'),(309,'60d48179ca34c','182.182.116.10','en','Mozilla/5.0 (Windows NT 6.1; Win64; x64; rv:89.0) Gecko/20100101 Firefox/89.0',1,1624539513,'Firefox','Windows'),(310,'60d481df46a48','182.182.116.10','en','Mozilla/5.0 (Windows NT 6.1; Win64; x64) AppleWebKit/537.36 (KHTML, like Gecko) Chrome/91.0.4472.114 Safari/537.36',10,1624539615,'Chrome','Windows'),(311,'60d489028b56c','182.182.116.10','en','Mozilla/5.0 (Windows NT 6.1; Win64; x64) AppleWebKit/537.36 (KHTML, like Gecko) Chrome/91.0.4472.114 Safari/537.36',10,1624541442,'Chrome','Windows'),(312,'60d48c7bf0426','182.182.116.10','en','Mozilla/5.0 (Windows NT 6.1; Win64; x64; rv:89.0) Gecko/20100101 Firefox/89.0',1,1624542331,'Firefox','Windows'),(313,'60d4b6d684513','81.136.34.52','en','Mozilla/5.0 (Windows NT 10.0; Win64; x64) AppleWebKit/537.36 (KHTML, like Gecko) Chrome/91.0.4472.106 Safari/537.36',10,1624553174,'Chrome','Windows'),(314,'60d4b70519f05','182.182.116.10','en','Mozilla/5.0 (Windows NT 6.1; Win64; x64; rv:89.0) Gecko/20100101 Firefox/89.0',10,1624553221,'Firefox','Windows'),(315,'60d4b76a88415','182.182.116.10','en','Mozilla/5.0 (Windows NT 6.1; Win64; x64; rv:89.0) Gecko/20100101 Firefox/89.0',1,1624553322,'Firefox','Windows'),(316,'60d4b7d43a31d','182.182.116.10','en','Mozilla/5.0 (Windows NT 6.1; Win64; x64) AppleWebKit/537.36 (KHTML, like Gecko) Chrome/91.0.4472.114 Safari/537.36',10,1624553428,'Chrome','Windows'),(317,'60d4ba54834c2','182.182.116.10','en','Mozilla/5.0 (Windows NT 6.1; Win64; x64) AppleWebKit/537.36 (KHTML, like Gecko) Chrome/91.0.4472.114 Safari/537.36',12,1624554068,'Chrome','Windows'),(318,'60d4ba9963136','182.182.116.10','en','Mozilla/5.0 (Windows NT 6.1; Win64; x64) AppleWebKit/537.36 (KHTML, like Gecko) Chrome/91.0.4472.114 Safari/537.36',12,1624554137,'Chrome','Windows'),(319,'60d4bffba7cc1','182.182.116.10','en','Mozilla/5.0 (Windows NT 6.1; Win64; x64; rv:89.0) Gecko/20100101 Firefox/89.0',10,1624555515,'Firefox','Windows'),(320,'60d4dc648e624','81.136.34.52','en','Mozilla/5.0 (Windows NT 10.0; Win64; x64) AppleWebKit/537.36 (KHTML, like Gecko) Chrome/91.0.4472.106 Safari/537.36',10,1624562788,'Chrome','Windows'),(321,'60d5c66bb3b23','212.139.62.210','en','Mozilla/5.0 (Windows NT 10.0; Win64; x64) AppleWebKit/537.36 (KHTML, like Gecko) Chrome/91.0.4472.106 Safari/537.36',10,1624622699,'Chrome','Windows'),(322,'60d612a33aa5f','212.139.62.210','en','Mozilla/5.0 (Windows NT 10.0; Win64; x64) AppleWebKit/537.36 (KHTML, like Gecko) Chrome/91.0.4472.106 Safari/537.36',10,1624642211,'Chrome','Windows'),(323,'60d61bb949e56','212.139.62.210','en','Mozilla/5.0 (Windows NT 10.0; Win64; x64) AppleWebKit/537.36 (KHTML, like Gecko) Chrome/91.0.4472.106 Safari/537.36',12,1624644537,'Chrome','Windows'),(324,'60d76628aa868','182.182.116.10','en','Mozilla/5.0 (Windows NT 6.1; Win64; x64) AppleWebKit/537.36 (KHTML, like Gecko) Chrome/91.0.4472.114 Safari/537.36',9,1624729128,'Chrome','Windows'),(325,'60d76f6832f60','81.136.34.52','en','Mozilla/5.0 (Windows NT 10.0; Win64; x64) AppleWebKit/537.36 (KHTML, like Gecko) Chrome/91.0.4472.106 Safari/537.36',10,1624731496,'Chrome','Windows'),(326,'60d771c6ccefd','81.136.34.52','en','Mozilla/5.0 (Windows NT 10.0; Win64; x64) AppleWebKit/537.36 (KHTML, like Gecko) Chrome/91.0.4472.106 Safari/537.36',12,1624732102,'Chrome','Windows'),(327,'60d873e69e99b','81.136.34.52','en','Mozilla/5.0 (Windows NT 10.0; Win64; x64) AppleWebKit/537.36 (KHTML, like Gecko) Chrome/91.0.4472.124 Safari/537.36',12,1624798182,'Chrome','Windows'),(328,'60d8757d59c54','81.136.34.52','en','Mozilla/5.0 (Windows NT 10.0; Win64; x64) AppleWebKit/537.36 (KHTML, like Gecko) Chrome/91.0.4472.124 Safari/537.36',10,1624798589,'Chrome','Windows'),(329,'60d88439d85b5','81.136.34.52','en','Mozilla/5.0 (Windows NT 10.0; Win64; x64) AppleWebKit/537.36 (KHTML, like Gecko) Chrome/91.0.4472.124 Safari/537.36',10,1624802361,'Chrome','Windows'),(330,'60d884b722805','81.136.34.52','en','Mozilla/5.0 (Windows NT 10.0; Win64; x64) AppleWebKit/537.36 (KHTML, like Gecko) Chrome/91.0.4472.124 Safari/537.36',12,1624802487,'Chrome','Windows'),(331,'60d88611b7cec','182.182.116.10','en','Mozilla/5.0 (Windows NT 6.1; Win64; x64; rv:89.0) Gecko/20100101 Firefox/89.0',12,1624802833,'Firefox','Windows'),(332,'60d8973da648c','182.182.116.10','en','Mozilla/5.0 (Windows NT 6.1; Win64; x64; rv:89.0) Gecko/20100101 Firefox/89.0',9,1624807229,'Firefox','Windows'),(333,'60d897457eac7','81.136.34.52','en','Mozilla/5.0 (Windows NT 10.0; Win64; x64) AppleWebKit/537.36 (KHTML, like Gecko) Chrome/91.0.4472.124 Safari/537.36',10,1624807237,'Chrome','Windows'),(334,'60d89b3c61bbc','81.136.34.52','en','Mozilla/5.0 (Windows NT 10.0; Win64; x64) AppleWebKit/537.36 (KHTML, like Gecko) Chrome/91.0.4472.124 Safari/537.36',9,1624808252,'Chrome','Windows'),(335,'60dd713eba19c','182.182.38.128','en','Mozilla/5.0 (Windows NT 6.1; Win64; x64; rv:89.0) Gecko/20100101 Firefox/89.0',1,1625125182,'Firefox','Windows'),(336,'60dd71fb4f44f','182.182.38.128','en','Mozilla/5.0 (Windows NT 6.1; Win64; x64) AppleWebKit/537.36 (KHTML, like Gecko) Chrome/91.0.4472.124 Safari/537.36',10,1625125371,'Chrome','Windows'),(337,'60dd7302ad0d7','182.182.38.128','en','Mozilla/5.0 (Windows NT 6.1; Win64; x64) AppleWebKit/537.36 (KHTML, like Gecko) Chrome/91.0.4472.124 Safari/537.36',14,1625125634,'Chrome','Windows'),(338,'60dd9123642df','81.136.34.52','en','Mozilla/5.0 (Windows NT 10.0; Win64; x64) AppleWebKit/537.36 (KHTML, like Gecko) Chrome/91.0.4472.124 Safari/537.36',10,1625133347,'Chrome','Windows'),(339,'60ddcd03bbc74','182.182.37.132','en','Mozilla/5.0 (Linux; Android 4.4.4; XT1080) AppleWebKit/537.36 (KHTML, like Gecko) Chrome/81.0.4044.138 Mobile Safari/537.36',9,1625148675,'Chrome','Android'),(340,'60ddd08160fd1','81.136.34.52','en','Mozilla/5.0 (Windows NT 10.0; Win64; x64) AppleWebKit/537.36 (KHTML, like Gecko) Chrome/91.0.4472.124 Safari/537.36',10,1625149569,'Chrome','Windows'),(341,'60ddd909c3688','182.182.32.233','en','Mozilla/5.0 (Windows NT 6.1; Win64; x64) AppleWebKit/537.36 (KHTML, like Gecko) Chrome/91.0.4472.124 Safari/537.36',14,1625151753,'Chrome','Windows'),(342,'60ddd944263b5','182.182.32.233','en','Mozilla/5.0 (Windows NT 6.1; Win64; x64) AppleWebKit/537.36 (KHTML, like Gecko) Chrome/91.0.4472.124 Safari/537.36',14,1625151812,'Chrome','Windows'),(343,'60ddd96628a88','182.182.32.233','en','Mozilla/5.0 (Windows NT 6.1; Win64; x64) AppleWebKit/537.36 (KHTML, like Gecko) Chrome/91.0.4472.124 Safari/537.36',14,1625151846,'Chrome','Windows'),(344,'60ddda168b303','182.182.66.245','en','Mozilla/5.0 (Windows NT 6.1; Win64; x64) AppleWebKit/537.36 (KHTML, like Gecko) Chrome/91.0.4472.124 Safari/537.36',10,1625152022,'Chrome','Windows'),(345,'60ddefffd56da','182.182.66.245','en','Mozilla/5.0 (Windows NT 6.1; Win64; x64; rv:89.0) Gecko/20100101 Firefox/89.0',10,1625157631,'Firefox','Windows'),(346,'60de3b44e1171','81.136.34.52','en','Mozilla/5.0 (Windows NT 10.0; Win64; x64) AppleWebKit/537.36 (KHTML, like Gecko) Chrome/91.0.4472.124 Safari/537.36',10,1625176900,'Chrome','Windows'),(347,'60de3dc9b09f7','81.136.34.52','en','Mozilla/5.0 (Windows NT 10.0; Win64; x64) AppleWebKit/537.36 (KHTML, like Gecko) Chrome/91.0.4472.124 Safari/537.36',14,1625177545,'Chrome','Windows'),(348,'60de3e50bb4cf','81.136.34.52','en','Mozilla/5.0 (Windows NT 10.0; Win64; x64) AppleWebKit/537.36 (KHTML, like Gecko) Chrome/91.0.4472.124 Safari/537.36',14,1625177680,'Chrome','Windows'),(349,'60de402367f6c','81.136.34.52','en','Mozilla/5.0 (Windows NT 10.0; Win64; x64) AppleWebKit/537.36 (KHTML, like Gecko) Chrome/91.0.4472.124 Safari/537.36',14,1625178147,'Chrome','Windows'),(350,'60deeac7c37e8','81.136.37.5','en','Mozilla/5.0 (Windows NT 10.0; Win64; x64) AppleWebKit/537.36 (KHTML, like Gecko) Chrome/91.0.4472.124 Safari/537.36',14,1625221831,'Chrome','Windows'),(351,'60deebe6d2ab3','81.136.37.5','en','Mozilla/5.0 (Windows NT 10.0; Win64; x64) AppleWebKit/537.36 (KHTML, like Gecko) Chrome/91.0.4472.124 Safari/537.36',10,1625222118,'Chrome','Windows'),(352,'60df83431e0de','81.136.37.5','en','Mozilla/5.0 (Windows NT 10.0; Win64; x64) AppleWebKit/537.36 (KHTML, like Gecko) Chrome/91.0.4472.124 Safari/537.36',10,1625260867,'Chrome','Windows'),(353,'60e010731edb6','182.182.99.252','en','Mozilla/5.0 (Windows NT 6.1; Win64; x64) AppleWebKit/537.36 (KHTML, like Gecko) Chrome/91.0.4472.124 Safari/537.36',9,1625297011,'Chrome','Windows'),(354,'60e0157130dba','182.182.44.87','en','Mozilla/5.0 (Windows NT 6.1; Win64; x64) AppleWebKit/537.36 (KHTML, like Gecko) Chrome/91.0.4472.124 Safari/537.36',1,1625298289,'Chrome','Windows'),(355,'60e015a0dd313','182.182.44.87','en','Mozilla/5.0 (Windows NT 6.1; Win64; x64) AppleWebKit/537.36 (KHTML, like Gecko) Chrome/91.0.4472.124 Safari/537.36',23,1625298336,'Chrome','Windows'),(356,'60e01733c169b','182.182.74.122','en','Mozilla/5.0 (Windows NT 6.1; Win64; x64) AppleWebKit/537.36 (KHTML, like Gecko) Chrome/91.0.4472.124 Safari/537.36',9,1625298739,'Chrome','Windows'),(357,'60e01b446db54','182.182.74.122','en','Mozilla/5.0 (Windows NT 6.1; Win64; x64) AppleWebKit/537.36 (KHTML, like Gecko) Chrome/91.0.4472.124 Safari/537.36',23,1625299780,'Chrome','Windows'),(358,'60e0348bd067d','81.136.37.5','en','Mozilla/5.0 (Windows NT 10.0; Win64; x64) AppleWebKit/537.36 (KHTML, like Gecko) Chrome/91.0.4472.124 Safari/537.36',10,1625306251,'Chrome','Windows'),(359,'60e0353a633ad','182.182.74.122','en','Mozilla/5.0 (Windows NT 6.1; Win64; x64) AppleWebKit/537.36 (KHTML, like Gecko) Chrome/91.0.4472.124 Safari/537.36',9,1625306426,'Chrome','Windows'),(360,'60e035d640682','182.182.74.122','en','Mozilla/5.0 (Windows NT 6.1; Win64; x64; rv:89.0) Gecko/20100101 Firefox/89.0',1,1625306582,'Firefox','Windows'),(361,'60e03741adfaa','81.136.37.5','en','Mozilla/5.0 (Windows NT 10.0; Win64; x64) AppleWebKit/537.36 (KHTML, like Gecko) Chrome/91.0.4472.124 Safari/537.36',23,1625306945,'Chrome','Windows'),(362,'60e07e83244d7','182.182.74.122','en','Mozilla/5.0 (Windows NT 6.1; Win64; x64) AppleWebKit/537.36 (KHTML, like Gecko) Chrome/91.0.4472.124 Safari/537.36',9,1625325187,'Chrome','Windows'),(363,'60e07f69813e0','182.182.74.122','en','Mozilla/5.0 (Windows NT 6.1; Win64; x64; rv:89.0) Gecko/20100101 Firefox/89.0',9,1625325417,'Firefox','Windows'),(364,'60e08e46bb7ec','81.136.37.5','en','Mozilla/5.0 (Windows NT 10.0; Win64; x64) AppleWebKit/537.36 (KHTML, like Gecko) Chrome/91.0.4472.124 Safari/537.36',10,1625329222,'Chrome','Windows'),(365,'60e0957169293','182.182.74.122','en','Mozilla/5.0 (Linux; Android 4.4.4; XT1080) AppleWebKit/537.36 (KHTML, like Gecko) Chrome/81.0.4044.138 Mobile Safari/537.36',9,1625331057,'Chrome','Android'),(366,'60e0a0547bb76','81.136.37.5','en','Mozilla/5.0 (Windows NT 10.0; Win64; x64) AppleWebKit/537.36 (KHTML, like Gecko) Chrome/91.0.4472.124 Safari/537.36',10,1625333844,'Chrome','Windows'),(367,'60e0a07c0c6d7','81.136.37.5','en','Mozilla/5.0 (Windows NT 10.0; Win64; x64) AppleWebKit/537.36 (KHTML, like Gecko) Chrome/91.0.4472.124 Safari/537.36',10,1625333884,'Chrome','Windows'),(368,'60e2ce80027f9','212.139.62.210','en','Mozilla/5.0 (Windows NT 10.0; Win64; x64) AppleWebKit/537.36 (KHTML, like Gecko) Chrome/91.0.4472.124 Safari/537.36',14,1625476736,'Chrome','Windows'),(369,'60e2d16aa9381','212.139.62.210','en','Mozilla/5.0 (Windows NT 10.0; Win64; x64) AppleWebKit/537.36 (KHTML, like Gecko) Chrome/91.0.4472.124 Safari/537.36',12,1625477482,'Chrome','Windows'),(370,'60e2d2f56e4b1','212.139.62.210','en','Mozilla/5.0 (Windows NT 10.0; Win64; x64) AppleWebKit/537.36 (KHTML, like Gecko) Chrome/91.0.4472.124 Safari/537.36',10,1625477877,'Chrome','Windows'),(371,'60e2d8322a345','212.139.62.210','en','Mozilla/5.0 (Windows NT 10.0; Win64; x64) AppleWebKit/537.36 (KHTML, like Gecko) Chrome/91.0.4472.124 Safari/537.36',9,1625479218,'Chrome','Windows'),(372,'60e3001a8f67a','182.182.26.51','en','Mozilla/5.0 (Linux; Android 4.4.4; XT1080) AppleWebKit/537.36 (KHTML, like Gecko) Chrome/81.0.4044.138 Mobile Safari/537.36',9,1625489434,'Chrome','Android'),(373,'60e31233c93b5','212.139.62.210','en','Mozilla/5.0 (Windows NT 10.0; Win64; x64) AppleWebKit/537.36 (KHTML, like Gecko) Chrome/91.0.4472.124 Safari/537.36',9,1625494067,'Chrome','Windows'),(374,'60e32437423e7','212.139.62.210','en','Mozilla/5.0 (Windows NT 10.0; Win64; x64) AppleWebKit/537.36 (KHTML, like Gecko) Chrome/91.0.4472.124 Safari/537.36',14,1625498679,'Chrome','Windows'),(375,'60e324d63dbd2','212.139.62.210','en','Mozilla/5.0 (Windows NT 10.0; Win64; x64) AppleWebKit/537.36 (KHTML, like Gecko) Chrome/91.0.4472.124 Safari/537.36',12,1625498838,'Chrome','Windows'),(376,'60e326303ccc3','212.139.62.210','en','Mozilla/5.0 (Windows NT 10.0; Win64; x64) AppleWebKit/537.36 (KHTML, like Gecko) Chrome/91.0.4472.114 Safari/537.36',10,1625499184,'Chrome','Windows'),(377,'60e470daded28','212.139.62.210','en','Mozilla/5.0 (Windows NT 10.0; Win64; x64) AppleWebKit/537.36 (KHTML, like Gecko) Chrome/91.0.4472.124 Safari/537.36',14,1625583834,'Chrome','Windows'),(378,'60e471dfd90ac','212.139.62.210','en','Mozilla/5.0 (Windows NT 10.0; Win64; x64) AppleWebKit/537.36 (KHTML, like Gecko) Chrome/91.0.4472.124 Safari/537.36',12,1625584095,'Chrome','Windows'),(379,'60e4759b79d87','212.139.62.210','en','Mozilla/5.0 (Windows NT 10.0; Win64; x64) AppleWebKit/537.36 (KHTML, like Gecko) Chrome/91.0.4472.124 Safari/537.36',10,1625585051,'Chrome','Windows'),(380,'60e4775558127','212.139.62.210','en','Mozilla/5.0 (Windows NT 10.0; Win64; x64) AppleWebKit/537.36 (KHTML, like Gecko) Chrome/91.0.4472.124 Safari/537.36',9,1625585493,'Chrome','Windows'),(381,'60e6ccd5ec263','182.182.61.177','en','Mozilla/5.0 (Windows NT 6.1; Win64; x64) AppleWebKit/537.36 (KHTML, like Gecko) Chrome/91.0.4472.124 Safari/537.36',1,1625738454,'Chrome','Windows'),(382,'60e6cda40318b','182.182.61.177','en','Mozilla/5.0 (Windows NT 6.1; Win64; x64) AppleWebKit/537.36 (KHTML, like Gecko) Chrome/91.0.4472.124 Safari/537.36',10,1625738660,'Chrome','Windows'),(383,'60e6cf8ea65ce','182.182.61.177','en','Mozilla/5.0 (Windows NT 6.1; Win64; x64) AppleWebKit/537.36 (KHTML, like Gecko) Chrome/91.0.4472.124 Safari/537.36',14,1625739150,'Chrome','Windows'),(384,'60e6d22a15a2d','182.182.61.177','en','Mozilla/5.0 (Windows NT 6.1; Win64; x64) AppleWebKit/537.36 (KHTML, like Gecko) Chrome/91.0.4472.124 Safari/537.36',12,1625739818,'Chrome','Windows'),(385,'60e6d819cffc9','182.182.61.177','en','Mozilla/5.0 (Windows NT 6.1; Win64; x64) AppleWebKit/537.36 (KHTML, like Gecko) Chrome/91.0.4472.124 Safari/537.36',9,1625741337,'Chrome','Windows'),(386,'60e70b17588e0','81.136.37.5','en','Mozilla/5.0 (Windows NT 10.0; Win64; x64) AppleWebKit/537.36 (KHTML, like Gecko) Chrome/91.0.4472.124 Safari/537.36',14,1625754391,'Chrome','Windows'),(387,'60e70b7a7315a','81.136.37.5','en','Mozilla/5.0 (Windows NT 10.0; Win64; x64) AppleWebKit/537.36 (KHTML, like Gecko) Chrome/91.0.4472.124 Safari/537.36',12,1625754490,'Chrome','Windows'),(388,'60e70d34edba2','81.136.37.5','en','Mozilla/5.0 (Windows NT 10.0; Win64; x64) AppleWebKit/537.36 (KHTML, like Gecko) Chrome/91.0.4472.124 Safari/537.36',10,1625754932,'Chrome','Windows'),(389,'60ec4bdd48243','212.139.62.210','en','Mozilla/5.0 (Windows NT 10.0; Win64; x64) AppleWebKit/537.36 (KHTML, like Gecko) Chrome/91.0.4472.124 Safari/537.36',10,1626098653,'Chrome','Windows'),(390,'60fb0f819efa0','182.182.3.137','en','Mozilla/5.0 (Windows NT 6.1; Win64; x64; rv:89.0) Gecko/20100101 Firefox/89.0',9,1627066241,'Firefox','Windows'),(391,'60fc12fdc909b','109.145.106.39','en','Mozilla/5.0 (Windows NT 10.0; Win64; x64) AppleWebKit/537.36 (KHTML, like Gecko) Chrome/91.0.4472.164 Safari/537.36',10,1627132669,'Chrome','Windows'),(392,'60fe580f48876','182.182.33.123','en','Mozilla/5.0 (Windows NT 6.1; Win64; x64; rv:90.0) Gecko/20100101 Firefox/90.0',9,1627281423,'Firefox','Windows'),(393,'60fead200f8c5','212.139.62.210','en','Mozilla/5.0 (Windows NT 10.0; Win64; x64) AppleWebKit/537.36 (KHTML, like Gecko) Chrome/92.0.4515.107 Safari/537.36',10,1627303200,'Chrome','Windows'),(394,'60ffb10fd624f','182.182.73.230','en','Mozilla/5.0 (Windows NT 6.1; Win64; x64; rv:90.0) Gecko/20100101 Firefox/90.0',9,1627369743,'Firefox','Windows'),(395,'60ffc7c278e89','182.182.73.230','en','Mozilla/5.0 (Windows NT 6.1; Win64; x64; rv:90.0) Gecko/20100101 Firefox/90.0',9,1627375554,'Firefox','Windows'),(396,'60ffd69a25081','182.182.73.230','en','Mozilla/5.0 (Windows NT 6.1; Win64; x64; rv:90.0) Gecko/20100101 Firefox/90.0',9,1627379354,'Firefox','Windows'),(397,'6101a2c1a4dc0','39.43.92.151','en','Mozilla/5.0 (Windows NT 10.0; Win64; x64) AppleWebKit/537.36 (KHTML, like Gecko) Chrome/91.0.4472.124 Safari/537.36',9,1627497153,'Chrome','Windows'),(398,'6101aadc0e68b','39.43.92.151','en','Mozilla/5.0 (Windows NT 10.0; Win64; x64) AppleWebKit/537.36 (KHTML, like Gecko) Chrome/91.0.4472.124 Safari/537.36',9,1627499228,'Chrome','Windows'),(399,'6103e764be5e3','39.43.26.4','en','Mozilla/5.0 (Windows NT 10.0; Win64; x64) AppleWebKit/537.36 (KHTML, like Gecko) Chrome/92.0.4515.107 Safari/537.36',9,1627645796,'Chrome','Windows'),(400,'6103e765cabbe','39.43.26.4','en','Mozilla/5.0 (Windows NT 10.0; Win64; x64) AppleWebKit/537.36 (KHTML, like Gecko) Chrome/92.0.4515.107 Safari/537.36',9,1627645797,'Chrome','Windows'),(401,'6104347181814','182.182.78.6','en','Mozilla/5.0 (Linux; Android 8.1.0; SM-N960U Build/M1AJQ) AppleWebKit/537.36 (KHTML, like Gecko) Chrome/68.0.3440.91 Mobile Safari/537.36',9,1627665521,'Chrome','Android'),(402,'610435f14a208','39.43.8.123','en','Mozilla/5.0 (Windows NT 10.0; Win64; x64) AppleWebKit/537.36 (KHTML, like Gecko) Chrome/92.0.4515.107 Safari/537.36',9,1627665905,'Chrome','Windows'),(403,'610cd18ac6c98','39.43.30.167','en','Mozilla/5.0 (Windows NT 10.0; Win64; x64) AppleWebKit/537.36 (KHTML, like Gecko) Chrome/92.0.4515.107 Safari/537.36',9,1628230026,'Chrome','Windows'),(404,'6111061f0c06c','212.139.62.210','en','Mozilla/5.0 (Windows NT 10.0; Win64; x64) AppleWebKit/537.36 (KHTML, like Gecko) Chrome/92.0.4515.131 Safari/537.36',10,1628505631,'Chrome','Windows'),(405,'611abe20d2a09','212.139.62.210','en','Mozilla/5.0 (Windows NT 10.0; Win64; x64) AppleWebKit/537.36 (KHTML, like Gecko) Chrome/92.0.4515.131 Safari/537.36',10,1629142560,'Chrome','Windows'),(406,'61555551a5176','182.182.82.107','en','Mozilla/5.0 (Windows NT 6.1; Win64; x64) AppleWebKit/537.36 (KHTML, like Gecko) Chrome/94.0.4606.61 Safari/537.36',9,1632982353,'Chrome','Windows'),(407,'617d196d59b9b','182.182.38.255','en','Mozilla/5.0 (Windows NT 6.1; Win64; x64) AppleWebKit/537.36 (KHTML, like Gecko) Chrome/95.0.4638.69 Safari/537.36',9,1635588461,'Chrome','Windows'),(408,'617d1e7b48b5c','182.182.38.255','en','Mozilla/5.0 (Windows NT 6.1; Win64; x64) AppleWebKit/537.36 (KHTML, like Gecko) Chrome/95.0.4638.69 Safari/537.36',25,1635589755,'Chrome','Windows'),(409,'617eb067d9619','86.186.52.248','en','Mozilla/5.0 (Windows NT 10.0; Win64; x64) AppleWebKit/537.36 (KHTML, like Gecko) Chrome/95.0.4638.54 Safari/537.36',10,1635692647,'Chrome','Windows'),(410,'617eb176c70d2','86.186.52.248','en','Mozilla/5.0 (Windows NT 10.0; Win64; x64) AppleWebKit/537.36 (KHTML, like Gecko) Chrome/95.0.4638.54 Safari/537.36',9,1635692918,'Chrome','Windows'),(411,'617fbea270316','182.182.38.255','en','Mozilla/5.0 (Windows NT 6.1; Win64; x64) AppleWebKit/537.36 (KHTML, like Gecko) Chrome/95.0.4638.69 Safari/537.36',9,1635761826,'Chrome','Windows'),(412,'617fbf108b4df','182.182.38.255','en','Mozilla/5.0 (Windows NT 6.1; Win64; x64) AppleWebKit/537.36 (KHTML, like Gecko) Chrome/95.0.4638.69 Safari/537.36',28,1635761936,'Chrome','Windows'),(413,'617fc1ebdec72','182.182.38.255','en','Mozilla/5.0 (Windows NT 6.1; Win64; x64) AppleWebKit/537.36 (KHTML, like Gecko) Chrome/95.0.4638.69 Safari/537.36',9,1635762667,'Chrome','Windows'),(414,'61934881ab07e','182.182.17.227','en','Mozilla/5.0 (Windows NT 6.1; Win64; x64) AppleWebKit/537.36 (KHTML, like Gecko) Chrome/95.0.4638.69 Safari/537.36',9,1637042305,'Chrome','Windows'),(415,'619354ee21297','182.182.17.227','en','Mozilla/5.0 (Windows NT 6.1; Win64; x64) AppleWebKit/537.36 (KHTML, like Gecko) Chrome/95.0.4638.69 Safari/537.36',9,1637045486,'Chrome','Windows'),(416,'6194de854c135','182.182.17.227','en','Mozilla/5.0 (Windows NT 6.1; Win64; x64) AppleWebKit/537.36 (KHTML, like Gecko) Chrome/95.0.4638.69 Safari/537.36',9,1637146245,'Chrome','Windows'),(417,'6196041f0dcfd','182.176.178.181','en','Mozilla/5.0 (Windows NT 10.0; Win64; x64) AppleWebKit/537.36 (KHTML, like Gecko) Chrome/95.0.4638.69 Safari/537.36',9,1637221407,'Chrome','Windows'),(418,'6198e9b3ea18c','182.182.80.67','en','Mozilla/5.0 (Windows NT 6.1; Win64; x64) AppleWebKit/537.36 (KHTML, like Gecko) Chrome/95.0.4638.69 Safari/537.36',9,1637411251,'Chrome','Windows'),(419,'619b51fe608c8','182.182.80.67','en','Mozilla/5.0 (Windows NT 6.1; Win64; x64) AppleWebKit/537.36 (KHTML, like Gecko) Chrome/95.0.4638.69 Safari/537.36',9,1637569022,'Chrome','Windows'),(420,'619b569675aa0','182.182.80.67','en','Mozilla/5.0 (Windows NT 6.1; Win64; x64) AppleWebKit/537.36 (KHTML, like Gecko) Chrome/95.0.4638.69 Safari/537.36',1,1637570198,'Chrome','Windows'),(421,'619b5697833a3','182.182.80.67','en','Mozilla/5.0 (Windows NT 6.1; Win64; x64) AppleWebKit/537.36 (KHTML, like Gecko) Chrome/95.0.4638.69 Safari/537.36',1,1637570199,'Chrome','Windows'),(422,'619b5698e7921','182.182.80.67','en','Mozilla/5.0 (Windows NT 6.1; Win64; x64) AppleWebKit/537.36 (KHTML, like Gecko) Chrome/95.0.4638.69 Safari/537.36',1,1637570200,'Chrome','Windows'),(423,'619b569a09748','182.182.80.67','en','Mozilla/5.0 (Windows NT 6.1; Win64; x64) AppleWebKit/537.36 (KHTML, like Gecko) Chrome/95.0.4638.69 Safari/537.36',1,1637570202,'Chrome','Windows'),(424,'619b569a4d099','182.182.80.67','en','Mozilla/5.0 (Windows NT 6.1; Win64; x64) AppleWebKit/537.36 (KHTML, like Gecko) Chrome/95.0.4638.69 Safari/537.36',1,1637570202,'Chrome','Windows'),(425,'619b569b6c8c2','182.182.80.67','en','Mozilla/5.0 (Windows NT 6.1; Win64; x64) AppleWebKit/537.36 (KHTML, like Gecko) Chrome/95.0.4638.69 Safari/537.36',1,1637570203,'Chrome','Windows'),(426,'619b569c3421b','182.182.80.67','en','Mozilla/5.0 (Windows NT 6.1; Win64; x64) AppleWebKit/537.36 (KHTML, like Gecko) Chrome/95.0.4638.69 Safari/537.36',1,1637570204,'Chrome','Windows'),(427,'619b569d5c992','182.182.80.67','en','Mozilla/5.0 (Windows NT 6.1; Win64; x64) AppleWebKit/537.36 (KHTML, like Gecko) Chrome/95.0.4638.69 Safari/537.36',1,1637570205,'Chrome','Windows'),(428,'619b569e47071','182.182.80.67','en','Mozilla/5.0 (Windows NT 6.1; Win64; x64) AppleWebKit/537.36 (KHTML, like Gecko) Chrome/95.0.4638.69 Safari/537.36',1,1637570206,'Chrome','Windows'),(429,'619b569f75029','182.182.80.67','en','Mozilla/5.0 (Windows NT 6.1; Win64; x64) AppleWebKit/537.36 (KHTML, like Gecko) Chrome/95.0.4638.69 Safari/537.36',1,1637570207,'Chrome','Windows'),(430,'619b56a088559','182.182.80.67','en','Mozilla/5.0 (Windows NT 6.1; Win64; x64) AppleWebKit/537.36 (KHTML, like Gecko) Chrome/95.0.4638.69 Safari/537.36',1,1637570208,'Chrome','Windows'),(431,'619b56a1451cc','182.182.80.67','en','Mozilla/5.0 (Windows NT 6.1; Win64; x64) AppleWebKit/537.36 (KHTML, like Gecko) Chrome/95.0.4638.69 Safari/537.36',1,1637570209,'Chrome','Windows'),(432,'619b56a203039','182.182.80.67','en','Mozilla/5.0 (Windows NT 6.1; Win64; x64) AppleWebKit/537.36 (KHTML, like Gecko) Chrome/95.0.4638.69 Safari/537.36',1,1637570210,'Chrome','Windows'),(433,'619b56a2b2dc2','182.182.80.67','en','Mozilla/5.0 (Windows NT 6.1; Win64; x64) AppleWebKit/537.36 (KHTML, like Gecko) Chrome/95.0.4638.69 Safari/537.36',1,1637570210,'Chrome','Windows'),(434,'619b56a415267','182.182.80.67','en','Mozilla/5.0 (Windows NT 6.1; Win64; x64) AppleWebKit/537.36 (KHTML, like Gecko) Chrome/95.0.4638.69 Safari/537.36',1,1637570212,'Chrome','Windows'),(435,'619b56a4dbe7f','182.182.80.67','en','Mozilla/5.0 (Windows NT 6.1; Win64; x64) AppleWebKit/537.36 (KHTML, like Gecko) Chrome/95.0.4638.69 Safari/537.36',1,1637570212,'Chrome','Windows'),(436,'619b56a5ac446','182.182.80.67','en','Mozilla/5.0 (Windows NT 6.1; Win64; x64) AppleWebKit/537.36 (KHTML, like Gecko) Chrome/95.0.4638.69 Safari/537.36',1,1637570213,'Chrome','Windows'),(437,'619b56a6bd882','182.182.80.67','en','Mozilla/5.0 (Windows NT 6.1; Win64; x64) AppleWebKit/537.36 (KHTML, like Gecko) Chrome/95.0.4638.69 Safari/537.36',1,1637570214,'Chrome','Windows'),(438,'619b56a7e43a2','182.182.80.67','en','Mozilla/5.0 (Windows NT 6.1; Win64; x64) AppleWebKit/537.36 (KHTML, like Gecko) Chrome/95.0.4638.69 Safari/537.36',1,1637570215,'Chrome','Windows'),(439,'619b56a8c6add','182.182.80.67','en','Mozilla/5.0 (Windows NT 6.1; Win64; x64) AppleWebKit/537.36 (KHTML, like Gecko) Chrome/95.0.4638.69 Safari/537.36',1,1637570216,'Chrome','Windows'),(440,'619b56a981932','182.182.80.67','en','Mozilla/5.0 (Windows NT 6.1; Win64; x64) AppleWebKit/537.36 (KHTML, like Gecko) Chrome/95.0.4638.69 Safari/537.36',1,1637570217,'Chrome','Windows'),(441,'619b56aa95b2a','182.182.80.67','en','Mozilla/5.0 (Windows NT 6.1; Win64; x64) AppleWebKit/537.36 (KHTML, like Gecko) Chrome/95.0.4638.69 Safari/537.36',1,1637570218,'Chrome','Windows'),(442,'619b56abb1371','182.182.80.67','en','Mozilla/5.0 (Windows NT 6.1; Win64; x64) AppleWebKit/537.36 (KHTML, like Gecko) Chrome/95.0.4638.69 Safari/537.36',1,1637570219,'Chrome','Windows'),(443,'619b56ac77b77','182.182.80.67','en','Mozilla/5.0 (Windows NT 6.1; Win64; x64) AppleWebKit/537.36 (KHTML, like Gecko) Chrome/95.0.4638.69 Safari/537.36',1,1637570220,'Chrome','Windows'),(444,'619b56ad8458c','182.182.80.67','en','Mozilla/5.0 (Windows NT 6.1; Win64; x64) AppleWebKit/537.36 (KHTML, like Gecko) Chrome/95.0.4638.69 Safari/537.36',1,1637570221,'Chrome','Windows'),(445,'619b56ae91a5c','182.182.80.67','en','Mozilla/5.0 (Windows NT 6.1; Win64; x64) AppleWebKit/537.36 (KHTML, like Gecko) Chrome/95.0.4638.69 Safari/537.36',1,1637570222,'Chrome','Windows'),(446,'619b56af4df30','182.182.80.67','en','Mozilla/5.0 (Windows NT 6.1; Win64; x64) AppleWebKit/537.36 (KHTML, like Gecko) Chrome/95.0.4638.69 Safari/537.36',1,1637570223,'Chrome','Windows'),(447,'619b56b009979','182.182.80.67','en','Mozilla/5.0 (Windows NT 6.1; Win64; x64) AppleWebKit/537.36 (KHTML, like Gecko) Chrome/95.0.4638.69 Safari/537.36',1,1637570224,'Chrome','Windows'),(448,'619b56b0ac106','182.182.80.67','en','Mozilla/5.0 (Windows NT 6.1; Win64; x64) AppleWebKit/537.36 (KHTML, like Gecko) Chrome/95.0.4638.69 Safari/537.36',1,1637570224,'Chrome','Windows'),(449,'619b56b15a6b3','182.182.80.67','en','Mozilla/5.0 (Windows NT 6.1; Win64; x64) AppleWebKit/537.36 (KHTML, like Gecko) Chrome/95.0.4638.69 Safari/537.36',1,1637570225,'Chrome','Windows'),(450,'619b56b209275','182.182.80.67','en','Mozilla/5.0 (Windows NT 6.1; Win64; x64) AppleWebKit/537.36 (KHTML, like Gecko) Chrome/95.0.4638.69 Safari/537.36',1,1637570226,'Chrome','Windows'),(451,'619b56b2ab6e6','182.182.80.67','en','Mozilla/5.0 (Windows NT 6.1; Win64; x64) AppleWebKit/537.36 (KHTML, like Gecko) Chrome/95.0.4638.69 Safari/537.36',1,1637570226,'Chrome','Windows'),(452,'619b56b3599b2','182.182.80.67','en','Mozilla/5.0 (Windows NT 6.1; Win64; x64) AppleWebKit/537.36 (KHTML, like Gecko) Chrome/95.0.4638.69 Safari/537.36',1,1637570227,'Chrome','Windows'),(453,'619b56b407c56','182.182.80.67','en','Mozilla/5.0 (Windows NT 6.1; Win64; x64) AppleWebKit/537.36 (KHTML, like Gecko) Chrome/95.0.4638.69 Safari/537.36',1,1637570228,'Chrome','Windows'),(454,'619b56b4aa298','182.182.80.67','en','Mozilla/5.0 (Windows NT 6.1; Win64; x64) AppleWebKit/537.36 (KHTML, like Gecko) Chrome/95.0.4638.69 Safari/537.36',1,1637570228,'Chrome','Windows'),(455,'619b56b57821f','182.182.80.67','en','Mozilla/5.0 (Windows NT 6.1; Win64; x64) AppleWebKit/537.36 (KHTML, like Gecko) Chrome/95.0.4638.69 Safari/537.36',1,1637570229,'Chrome','Windows'),(456,'619b56b625a63','182.182.80.67','en','Mozilla/5.0 (Windows NT 6.1; Win64; x64) AppleWebKit/537.36 (KHTML, like Gecko) Chrome/95.0.4638.69 Safari/537.36',1,1637570230,'Chrome','Windows'),(457,'619b56b6dc230','182.182.80.67','en','Mozilla/5.0 (Windows NT 6.1; Win64; x64) AppleWebKit/537.36 (KHTML, like Gecko) Chrome/95.0.4638.69 Safari/537.36',1,1637570230,'Chrome','Windows'),(458,'619b56b78a357','182.182.80.67','en','Mozilla/5.0 (Windows NT 6.1; Win64; x64) AppleWebKit/537.36 (KHTML, like Gecko) Chrome/95.0.4638.69 Safari/537.36',1,1637570231,'Chrome','Windows'),(459,'619b56b839013','182.182.80.67','en','Mozilla/5.0 (Windows NT 6.1; Win64; x64) AppleWebKit/537.36 (KHTML, like Gecko) Chrome/95.0.4638.69 Safari/537.36',1,1637570232,'Chrome','Windows'),(460,'619b56b8dbe55','182.182.80.67','en','Mozilla/5.0 (Windows NT 6.1; Win64; x64) AppleWebKit/537.36 (KHTML, like Gecko) Chrome/95.0.4638.69 Safari/537.36',1,1637570232,'Chrome','Windows'),(461,'619b56b9886ba','182.182.80.67','en','Mozilla/5.0 (Windows NT 6.1; Win64; x64) AppleWebKit/537.36 (KHTML, like Gecko) Chrome/95.0.4638.69 Safari/537.36',1,1637570233,'Chrome','Windows'),(462,'619b56ba37803','182.182.80.67','en','Mozilla/5.0 (Windows NT 6.1; Win64; x64) AppleWebKit/537.36 (KHTML, like Gecko) Chrome/95.0.4638.69 Safari/537.36',1,1637570234,'Chrome','Windows'),(463,'619b56bad8ef4','182.182.80.67','en','Mozilla/5.0 (Windows NT 6.1; Win64; x64) AppleWebKit/537.36 (KHTML, like Gecko) Chrome/95.0.4638.69 Safari/537.36',1,1637570234,'Chrome','Windows'),(464,'619b56bb86f89','182.182.80.67','en','Mozilla/5.0 (Windows NT 6.1; Win64; x64) AppleWebKit/537.36 (KHTML, like Gecko) Chrome/95.0.4638.69 Safari/537.36',1,1637570235,'Chrome','Windows'),(465,'619b56bc358e0','182.182.80.67','en','Mozilla/5.0 (Windows NT 6.1; Win64; x64) AppleWebKit/537.36 (KHTML, like Gecko) Chrome/95.0.4638.69 Safari/537.36',1,1637570236,'Chrome','Windows'),(466,'619b56bcd6f3b','182.182.80.67','en','Mozilla/5.0 (Windows NT 6.1; Win64; x64) AppleWebKit/537.36 (KHTML, like Gecko) Chrome/95.0.4638.69 Safari/537.36',1,1637570236,'Chrome','Windows'),(467,'619b56bd87bc7','182.182.80.67','en','Mozilla/5.0 (Windows NT 6.1; Win64; x64) AppleWebKit/537.36 (KHTML, like Gecko) Chrome/95.0.4638.69 Safari/537.36',1,1637570237,'Chrome','Windows'),(468,'619b56beadb25','182.182.80.67','en','Mozilla/5.0 (Windows NT 6.1; Win64; x64) AppleWebKit/537.36 (KHTML, like Gecko) Chrome/95.0.4638.69 Safari/537.36',1,1637570238,'Chrome','Windows'),(469,'619b56bf7fa97','182.182.80.67','en','Mozilla/5.0 (Windows NT 6.1; Win64; x64) AppleWebKit/537.36 (KHTML, like Gecko) Chrome/95.0.4638.69 Safari/537.36',1,1637570239,'Chrome','Windows'),(470,'619b56c02a99f','182.182.80.67','en','Mozilla/5.0 (Windows NT 6.1; Win64; x64) AppleWebKit/537.36 (KHTML, like Gecko) Chrome/95.0.4638.69 Safari/537.36',1,1637570240,'Chrome','Windows'),(471,'619b56c0c83f4','182.182.80.67','en','Mozilla/5.0 (Windows NT 6.1; Win64; x64) AppleWebKit/537.36 (KHTML, like Gecko) Chrome/95.0.4638.69 Safari/537.36',1,1637570240,'Chrome','Windows'),(472,'619b56c173081','182.182.80.67','en','Mozilla/5.0 (Windows NT 6.1; Win64; x64) AppleWebKit/537.36 (KHTML, like Gecko) Chrome/95.0.4638.69 Safari/537.36',1,1637570241,'Chrome','Windows'),(473,'619b56c21d487','182.182.80.67','en','Mozilla/5.0 (Windows NT 6.1; Win64; x64) AppleWebKit/537.36 (KHTML, like Gecko) Chrome/95.0.4638.69 Safari/537.36',1,1637570242,'Chrome','Windows'),(474,'619b56c2cfed8','182.182.80.67','en','Mozilla/5.0 (Windows NT 6.1; Win64; x64) AppleWebKit/537.36 (KHTML, like Gecko) Chrome/95.0.4638.69 Safari/537.36',1,1637570242,'Chrome','Windows'),(475,'619b56c37db2d','182.182.80.67','en','Mozilla/5.0 (Windows NT 6.1; Win64; x64) AppleWebKit/537.36 (KHTML, like Gecko) Chrome/95.0.4638.69 Safari/537.36',1,1637570243,'Chrome','Windows'),(476,'619b56c42c38a','182.182.80.67','en','Mozilla/5.0 (Windows NT 6.1; Win64; x64) AppleWebKit/537.36 (KHTML, like Gecko) Chrome/95.0.4638.69 Safari/537.36',1,1637570244,'Chrome','Windows'),(477,'619b56c4cf003','182.182.80.67','en','Mozilla/5.0 (Windows NT 6.1; Win64; x64) AppleWebKit/537.36 (KHTML, like Gecko) Chrome/95.0.4638.69 Safari/537.36',1,1637570244,'Chrome','Windows'),(478,'619b56c57d56d','182.182.80.67','en','Mozilla/5.0 (Windows NT 6.1; Win64; x64) AppleWebKit/537.36 (KHTML, like Gecko) Chrome/95.0.4638.69 Safari/537.36',1,1637570245,'Chrome','Windows'),(479,'619b56c62797c','182.182.80.67','en','Mozilla/5.0 (Windows NT 6.1; Win64; x64) AppleWebKit/537.36 (KHTML, like Gecko) Chrome/95.0.4638.69 Safari/537.36',1,1637570246,'Chrome','Windows'),(480,'619b6f1ea82b2','182.182.80.67','en','Mozilla/5.0 (Windows NT 6.1; Win64; x64) AppleWebKit/537.36 (KHTML, like Gecko) Chrome/95.0.4638.69 Safari/537.36',9,1637576478,'Chrome','Windows'),(481,'619b7d095ab20','182.182.80.67','en','Mozilla/5.0 (Windows NT 6.1; Win64; x64) AppleWebKit/537.36 (KHTML, like Gecko) Chrome/95.0.4638.69 Safari/537.36',29,1637580041,'Chrome','Windows'),(482,'619b8617cb2f8','182.182.80.67','en','Mozilla/5.0 (Windows NT 6.1; Win64; x64) AppleWebKit/537.36 (KHTML, like Gecko) Chrome/95.0.4638.69 Safari/537.36',9,1637582359,'Chrome','Windows'),(483,'619b863a9d3aa','182.182.80.67','en','Mozilla/5.0 (Windows NT 6.1; Win64; x64) AppleWebKit/537.36 (KHTML, like Gecko) Chrome/95.0.4638.69 Safari/537.36',9,1637582394,'Chrome','Windows'),(484,'61b0cd732ae2c','182.182.80.67','en','Mozilla/5.0 (Windows NT 6.1; Win64; x64) AppleWebKit/537.36 (KHTML, like Gecko) Chrome/96.0.4664.45 Safari/537.36',1,1638976883,'Chrome','Windows'),(485,'61e2b62a480f6','182.182.40.20','en','Mozilla/5.0 (Windows NT 6.1; Win64; x64; rv:96.0) Gecko/20100101 Firefox/96.0',9,1642247722,'Firefox','Windows'),(486,'61e5ceaea5e94','182.182.125.239','en','Mozilla/5.0 (Windows NT 6.1; Win64; x64) AppleWebKit/537.36 (KHTML, like Gecko) Chrome/97.0.4692.71 Safari/537.36',9,1642450606,'Chrome','Windows'),(487,'61e5d590a797f','182.182.125.239','en','Mozilla/5.0 (Windows NT 6.1; Win64; x64) AppleWebKit/537.36 (KHTML, like Gecko) Chrome/97.0.4692.71 Safari/537.36',1,1642452368,'Chrome','Windows'),(488,'61e5eab7b9b54','182.182.125.239','en','Mozilla/5.0 (Windows NT 6.1; Win64; x64) AppleWebKit/537.36 (KHTML, like Gecko) Chrome/97.0.4692.71 Safari/537.36',1,1642457783,'Chrome','Windows'),(489,'61e61382968cd','182.182.125.239','en','Mozilla/5.0 (Windows NT 6.1; Win64; x64) AppleWebKit/537.36 (KHTML, like Gecko) Chrome/97.0.4692.71 Safari/537.36',9,1642468226,'Chrome','Windows'),(490,'61e6da2503616','182.182.125.239','en','Mozilla/5.0 (Windows NT 6.1; Win64; x64) AppleWebKit/537.36 (KHTML, like Gecko) Chrome/97.0.4692.71 Safari/537.36',9,1642519077,'Chrome','Windows'),(491,'61e6ee5446bd4','182.182.125.239','en','Mozilla/5.0 (Windows NT 6.1; Win64; x64) AppleWebKit/537.36 (KHTML, like Gecko) Chrome/97.0.4692.71 Safari/537.36',9,1642524244,'Chrome','Windows'),(492,'61ed9458d8af9','3.17.220.49','en','Mozilla/5.0 (Windows NT 6.1; Win64; x64) AppleWebKit/537.36 (KHTML, like Gecko) Chrome/97.0.4692.71 Safari/537.36',9,1642959960,'Chrome','Windows'),(493,'61eec94f956e4','182.182.76.203','en','Mozilla/5.0 (Windows NT 6.1; Win64; x64) AppleWebKit/537.36 (KHTML, like Gecko) Chrome/97.0.4692.71 Safari/537.36',9,1643039055,'Chrome','Windows'),(494,'61eee06bbb837','182.182.76.203','en','Mozilla/5.0 (Windows NT 6.1; Win64; x64) AppleWebKit/537.36 (KHTML, like Gecko) Chrome/97.0.4692.71 Safari/537.36',9,1643044971,'Chrome','Windows'),(495,'61fa7fdebfdac','3.17.220.49','en','Mozilla/5.0 (Windows NT 6.1; Win64; x64) AppleWebKit/537.36 (KHTML, like Gecko) Chrome/97.0.4692.99 Safari/537.36',9,1643806686,'Chrome','Windows'),(496,'62023cb8111e0','182.182.50.165','en','Mozilla/5.0 (Windows NT 6.1; Win64; x64; rv:96.0) Gecko/20100101 Firefox/96.0',9,1644313784,'Firefox','Windows'),(497,'620259a3d0648','182.182.50.165','en','Mozilla/5.0 (Windows NT 6.1; Win64; x64; rv:96.0) Gecko/20100101 Firefox/96.0',71,1644321187,'Firefox','Windows'),(498,'620259cc4a312','182.182.50.165','en','Mozilla/5.0 (Windows NT 6.1; Win64; x64; rv:96.0) Gecko/20100101 Firefox/96.0',71,1644321228,'Firefox','Windows'),(499,'622064e8d7110','182.182.7.207','en','Mozilla/5.0 (Windows NT 6.1; Win64; x64) AppleWebKit/537.36 (KHTML, like Gecko) Chrome/98.0.4758.102 Safari/537.36',9,1646290152,'Chrome','Windows'),(500,'6220973c33592','182.182.7.207','en','Mozilla/5.0 (Windows NT 6.1; Win64; x64) AppleWebKit/537.36 (KHTML, like Gecko) Chrome/98.0.4758.102 Safari/537.36',9,1646303036,'Chrome','Windows'),(501,'62230b4ae2c27','182.182.48.177','en','Mozilla/5.0 (Windows NT 6.1; Win64; x64) AppleWebKit/537.36 (KHTML, like Gecko) Chrome/99.0.4844.51 Safari/537.36',9,1646463818,'Chrome','Windows'),(502,'622344d2ec455','182.182.48.177','en','Mozilla/5.0 (Windows NT 6.1; Win64; x64) AppleWebKit/537.36 (KHTML, like Gecko) Chrome/99.0.4844.51 Safari/537.36',9,1646478547,'Chrome','Windows'),(503,'62235ce966e2d','182.182.48.177','en','Mozilla/5.0 (Windows NT 6.1; Win64; x64) AppleWebKit/537.36 (KHTML, like Gecko) Chrome/99.0.4844.51 Safari/537.36',9,1646484713,'Chrome','Windows'),(504,'62237add39e9f','182.182.48.177','en','Mozilla/5.0 (Windows NT 6.1; Win64; x64) AppleWebKit/537.36 (KHTML, like Gecko) Chrome/99.0.4844.51 Safari/537.36',9,1646492381,'Chrome','Windows'),(505,'62238e1e9de8c','182.182.48.177','en','Mozilla/5.0 (Windows NT 6.1; Win64; x64) AppleWebKit/537.36 (KHTML, like Gecko) Chrome/99.0.4844.51 Safari/537.36',9,1646497310,'Chrome','Windows'),(506,'6223b4b19e65f','182.182.48.177','en','Mozilla/5.0 (Windows NT 6.1; Win64; x64) AppleWebKit/537.36 (KHTML, like Gecko) Chrome/99.0.4844.51 Safari/537.36',9,1646507185,'Chrome','Windows'),(507,'6223cad744a7f','182.182.48.177','en','Mozilla/5.0 (Windows NT 6.1; Win64; x64) AppleWebKit/537.36 (KHTML, like Gecko) Chrome/99.0.4844.51 Safari/537.36',9,1646512855,'Chrome','Windows'),(508,'6234cfb80a422','3.17.89.177','en','Mozilla/5.0 (Windows NT 6.1; Win64; x64) AppleWebKit/537.36 (KHTML, like Gecko) Chrome/99.0.4844.51 Safari/537.36',9,1647628216,'Chrome','Windows'),(509,'62543d9a51832','182.182.112.165','en','Mozilla/5.0 (Windows NT 6.1; Win64; x64) AppleWebKit/537.36 (KHTML, like Gecko) Chrome/100.0.4896.75 Safari/537.36',9,1649687962,'Chrome','Windows'),(510,'6267e2919c639','3.17.89.177','en','Mozilla/5.0 (Windows NT 6.1; Win64; x64) AppleWebKit/537.36 (KHTML, like Gecko) Chrome/100.0.4896.127 Safari/537.36',9,1650975377,'Chrome','Windows'),(511,'6267ef72252c2','3.17.89.177','en','Mozilla/5.0 (Windows NT 6.1; Win64; x64) AppleWebKit/537.36 (KHTML, like Gecko) Chrome/100.0.4896.127 Safari/537.36',9,1650978674,'Chrome','Windows'),(512,'626a7571dcb19','182.182.103.113','en','Mozilla/5.0 (Windows NT 6.1; Win64; x64) AppleWebKit/537.36 (KHTML, like Gecko) Chrome/100.0.4896.127 Safari/537.36',9,1651144049,'Chrome','Windows'),(513,'6273bdfb5c83f','103.244.177.180','en','Mozilla/5.0 (Windows NT 6.1; Win64; x64) AppleWebKit/537.36 (KHTML, like Gecko) Chrome/101.0.4951.54 Safari/537.36',9,1651752443,'Chrome','Windows'),(514,'6273cc5f73dbd','103.244.177.180','en','Mozilla/5.0 (Windows NT 6.1; Win64; x64) AppleWebKit/537.36 (KHTML, like Gecko) Chrome/101.0.4951.54 Safari/537.36',9,1651756127,'Chrome','Windows'),(515,'6273ec6adb091','3.17.89.177','en','Mozilla/5.0 (Windows NT 6.1; Win64; x64) AppleWebKit/537.36 (KHTML, like Gecko) Chrome/101.0.4951.54 Safari/537.36',9,1651764331,'Chrome','Windows'),(516,'6273fa3ea6338','3.17.89.177','en','Mozilla/5.0 (Windows NT 6.1; Win64; x64) AppleWebKit/537.36 (KHTML, like Gecko) Chrome/101.0.4951.54 Safari/537.36',9,1651767870,'Chrome','Windows'),(517,'6288c3918c39a','182.182.87.98','en','Mozilla/5.0 (Windows NT 6.1; Win64; x64) AppleWebKit/537.36 (KHTML, like Gecko) Chrome/101.0.4951.67 Safari/537.36',9,1653130129,'Chrome','Windows'),(518,'6288d037debe8','182.182.87.98','en','Mozilla/5.0 (Windows NT 6.1; Win64; x64) AppleWebKit/537.36 (KHTML, like Gecko) Chrome/101.0.4951.67 Safari/537.36',16,1653133367,'Chrome','Windows'),(519,'6288da7887401','182.182.87.98','en','Mozilla/5.0 (Windows NT 6.1; Win64; x64) AppleWebKit/537.36 (KHTML, like Gecko) Chrome/101.0.4951.67 Safari/537.36',9,1653135992,'Chrome','Windows'),(520,'62f48b653c7d4','182.182.96.119','en','Mozilla/5.0 (Windows NT 6.1; Win64; x64; rv:103.0) Gecko/20100101 Firefox/103.0',9,1660193637,'Firefox','Windows'),(521,'62f4a8412b39b','182.182.96.119','en','Mozilla/5.0 (Windows NT 6.1; Win64; x64; rv:103.0) Gecko/20100101 Firefox/103.0',9,1660201025,'Firefox','Windows'),(522,'62f656dcbf003','182.182.96.119','en','Mozilla/5.0 (Windows NT 6.1; Win64; x64; rv:103.0) Gecko/20100101 Firefox/103.0',9,1660311260,'Firefox','Windows'),(523,'62f668f5debf9','182.182.96.119','en','Mozilla/5.0 (Windows NT 6.1; Win64; x64; rv:103.0) Gecko/20100101 Firefox/103.0',9,1660315893,'Firefox','Windows'),(524,'62f73bf1d1eec','182.182.96.119','en','Mozilla/5.0 (Windows NT 6.1; Win64; x64; rv:103.0) Gecko/20100101 Firefox/103.0',9,1660369905,'Firefox','Windows'),(525,'62f74c1b4a5df','182.182.103.211','en','Mozilla/5.0 (Windows NT 6.1; Win64; x64; rv:103.0) Gecko/20100101 Firefox/103.0',9,1660374043,'Firefox','Windows'),(526,'63246332884ce','127.0.0.1','en','Mozilla/5.0 (Windows NT 6.1; Win64; x64) AppleWebKit/537.36 (KHTML, like Gecko) Chrome/105.0.0.0 Safari/537.36',9,1663329074,'Chrome','Windows'),(527,'632dec4d14a66','127.0.0.1','en','Mozilla/5.0 (Windows NT 6.1; Win64; x64) AppleWebKit/537.36 (KHTML, like Gecko) Chrome/105.0.0.0 Safari/537.36',9,1663953997,'Chrome','Windows'),(528,'634412793f59d','127.0.0.1','en','Mozilla/5.0 (Windows NT 6.1; Win64; x64) AppleWebKit/537.36 (KHTML, like Gecko) Chrome/105.0.0.0 Safari/537.36',9,1665405561,'Chrome','Windows'),(529,'63bb15d883b78','127.0.0.1','en','Mozilla/5.0 (Windows NT 10.0; Win64; x64) AppleWebKit/537.36 (KHTML, like Gecko) Chrome/108.0.0.0 Safari/537.36',9,1673205208,'Chrome','Windows'),(530,'645b72ed6506a','127.0.0.1','en','Mozilla/5.0 (Windows NT 10.0; Win64; x64) AppleWebKit/537.36 (KHTML, like Gecko) Chrome/112.0.0.0 Safari/537.36',1,1683714797,'Chrome','Windows'),(531,'645b7fbc1c80f','127.0.0.1','en','Mozilla/5.0 (Windows NT 10.0; Win64; x64) AppleWebKit/537.36 (KHTML, like Gecko) Chrome/112.0.0.0 Safari/537.36',97,1683718076,'Chrome','Windows'),(532,'645b8053ad3e9','127.0.0.1','en','Mozilla/5.0 (Windows NT 10.0; Win64; x64) AppleWebKit/537.36 (KHTML, like Gecko) Chrome/112.0.0.0 Safari/537.36',97,1683718227,'Chrome','Windows');

/*Table structure for table `widget_carousel` */

DROP TABLE IF EXISTS `widget_carousel`;

CREATE TABLE `widget_carousel` (
  `id` int(11) NOT NULL AUTO_INCREMENT,
  `key` varchar(255) NOT NULL,
  `status` smallint(6) DEFAULT 0,
  PRIMARY KEY (`id`)
) ENGINE=InnoDB AUTO_INCREMENT=2 DEFAULT CHARSET=latin1;

/*Data for the table `widget_carousel` */

insert  into `widget_carousel`(`id`,`key`,`status`) values (1,'index',1);

/*Table structure for table `widget_carousel_item` */

DROP TABLE IF EXISTS `widget_carousel_item`;

CREATE TABLE `widget_carousel_item` (
  `id` int(11) NOT NULL AUTO_INCREMENT,
  `carousel_id` int(11) NOT NULL,
  `base_url` varchar(1024) DEFAULT NULL,
  `path` varchar(1024) DEFAULT NULL,
  `asset_url` varchar(1024) DEFAULT NULL,
  `type` varchar(255) DEFAULT NULL,
  `url` varchar(1024) DEFAULT NULL,
  `caption` varchar(1024) DEFAULT NULL,
  `status` smallint(6) NOT NULL DEFAULT 0,
  `order` int(11) DEFAULT 0,
  `created_at` int(11) DEFAULT NULL,
  `updated_at` int(11) DEFAULT NULL,
  PRIMARY KEY (`id`),
  KEY `fk_item_carousel` (`carousel_id`)
) ENGINE=InnoDB AUTO_INCREMENT=2 DEFAULT CHARSET=latin1;

/*Data for the table `widget_carousel_item` */

insert  into `widget_carousel_item`(`id`,`carousel_id`,`base_url`,`path`,`asset_url`,`type`,`url`,`caption`,`status`,`order`,`created_at`,`updated_at`) values (1,1,'http://mihe.local','img/yii2-starter-kit.gif','/img/yii2-starter-kit.gif','image/gif','/',NULL,1,0,NULL,NULL);

/*Table structure for table `widget_menu` */

DROP TABLE IF EXISTS `widget_menu`;

CREATE TABLE `widget_menu` (
  `id` int(11) NOT NULL AUTO_INCREMENT,
  `key` varchar(32) NOT NULL,
  `title` varchar(255) NOT NULL,
  `items` text NOT NULL,
  `status` smallint(6) NOT NULL DEFAULT 0,
  PRIMARY KEY (`id`)
) ENGINE=InnoDB AUTO_INCREMENT=2 DEFAULT CHARSET=latin1;

/*Data for the table `widget_menu` */

insert  into `widget_menu`(`id`,`key`,`title`,`items`,`status`) values (1,'frontend-index','Frontend index menu','[\n    {\n        \"label\": \"Get started with Yii2\",\n        \"url\": \"http://www.yiiframework.com\",\n        \"options\": {\n            \"tag\": \"span\"\n        },\n        \"template\": \"<a href=\\\"{url}\\\" class=\\\"btn btn-lg btn-success\\\">{label}</a>\"\n    },\n    {\n        \"label\": \"Yii2 Starter Kit on GitHub\",\n        \"url\": \"https://github.com/yii2-starter-kit/yii2-starter-kit\",\n        \"options\": {\n            \"tag\": \"span\"\n        },\n        \"template\": \"<a href=\\\"{url}\\\" class=\\\"btn btn-lg btn-primary\\\">{label}</a>\"\n    },\n    {\n        \"label\": \"Find a bug?\",\n        \"url\": \"https://github.com/yii2-starter-kit/yii2-starter-kit/issues\",\n        \"options\": {\n            \"tag\": \"span\"\n        },\n        \"template\": \"<a href=\\\"{url}\\\" class=\\\"btn btn-lg btn-danger\\\">{label}</a>\"\n    }\n]',1);

/*Table structure for table `widget_text` */

DROP TABLE IF EXISTS `widget_text`;

CREATE TABLE `widget_text` (
  `id` int(11) NOT NULL AUTO_INCREMENT,
  `key` varchar(255) NOT NULL,
  `title` varchar(255) NOT NULL,
  `body` text NOT NULL,
  `status` smallint(6) DEFAULT NULL,
  `created_at` int(11) DEFAULT NULL,
  `updated_at` int(11) DEFAULT NULL,
  PRIMARY KEY (`id`),
  KEY `idx_widget_text_key` (`key`)
) ENGINE=InnoDB AUTO_INCREMENT=3 DEFAULT CHARSET=latin1;

/*Data for the table `widget_text` */

insert  into `widget_text`(`id`,`key`,`title`,`body`,`status`,`created_at`,`updated_at`) values (1,'backend_welcome','Welcome to backend','<p>Welcome to Yii2 Starter Kit Dashboard</p>',1,1613295161,1613295161),(2,'ads-example','Google Ads Example Block','<div class=\"lead\">\n                <script async src=\"//pagead2.googlesyndication.com/pagead/js/adsbygoogle.js\"></script>\n                <ins class=\"adsbygoogle\"\n                     style=\"display:block\"\n                     data-ad-client=\"ca-pub-9505937224921657\"\n                     data-ad-slot=\"2264361777\"\n                     data-ad-format=\"auto\"></ins>\n                <script>\n                (adsbygoogle = window.adsbygoogle || []).push({});\n                </script>\n            </div>',0,1613295161,1613295161);

/*!40101 SET SQL_MODE=@OLD_SQL_MODE */;
/*!40014 SET FOREIGN_KEY_CHECKS=@OLD_FOREIGN_KEY_CHECKS */;
/*!40014 SET UNIQUE_CHECKS=@OLD_UNIQUE_CHECKS */;
/*!40111 SET SQL_NOTES=@OLD_SQL_NOTES */;
